rule_id,drug_a,drug_b,source_url,mechanism,recommendation,reviewer,verified_on
DDINTER-DDInter1079-DDInter1497,Lisinopril,Potassium chloride,https://ddinter.scbdd.com/download/,,,,
DDINTER-DDInter133-DDInter393,Atorvastatin,Clarithromycin,https://ddinter.scbdd.com/download/,,,,
DDINTER-DDInter133-DDInter743,Fluconazole,Atorvastatin,https://ddinter.scbdd.com/download/,,,,
DDINTER-DDInter1340-DDInter413,Omeprazole,Clopidogrel,https://ddinter.scbdd.com/download/,,,,
DDINTER-DDInter1460-DDInter743,Fluconazole,Phenytoin,https://ddinter.scbdd.com/download/,,,,
DDINTER-DDInter1497-DDInter1707,Spironolactone,Potassium chloride,https://ddinter.scbdd.com/download/,,,,
DDINTER-DDInter1513-DDInter384,Ciprofloxacin,Prednisolone,https://ddinter.scbdd.com/download/,,,,
DDINTER-DDInter1675-DDInter393,Simvastatin,Clarithromycin,https://ddinter.scbdd.com/download/,,,,
DDINTER-DDInter1675-DDInter743,Fluconazole,Simvastatin,https://ddinter.scbdd.com/download/,,,,
DDINTER-DDInter1841-DDInter429,Tramadol,Codeine,https://ddinter.scbdd.com/download/,,,,
DDINTER-DDInter1951-DDInter20,Warfarin,Acetylsalicylic acid,https://ddinter.scbdd.com/download/,,,,
DDINTER-DDInter1951-DDInter384,Ciprofloxacin,Warfarin,https://ddinter.scbdd.com/download/,,,,
DDINTER-DDInter1951-DDInter393,Warfarin,Clarithromycin,https://ddinter.scbdd.com/download/,,,,
DDINTER-DDInter1951-DDInter413,Warfarin,Clopidogrel,https://ddinter.scbdd.com/download/,,,,
DDINTER-DDInter1951-DDInter743,Fluconazole,Warfarin,https://ddinter.scbdd.com/download/,,,,
DDINTER-DDInter1951-DDInter900,Warfarin,Ibuprofen,https://ddinter.scbdd.com/download/,,,,
DDINTER-DDInter20-DDInter900,Acetylsalicylic acid,Ibuprofen,https://ddinter.scbdd.com/download/,,,,
DDINTER-DDInter293-DDInter393,Carbamazepine,Clarithromycin,https://ddinter.scbdd.com/download/,,,,
DDINTER-DDInter393-DDInter554,Digoxin,Clarithromycin,https://ddinter.scbdd.com/download/,,,,
DDINTER-DDInter413-DDInter743,Fluconazole,Clopidogrel,https://ddinter.scbdd.com/download/,,,,
DDINTER-DDInter429-DDInter534,Codeine,Diazepam,https://ddinter.scbdd.com/download/,,,,
