pair,source_url,source_severity,source_excerpt,accessed_on,notes
furosemide + potassium chloride,https://www.drugs.com/drug-interactions/furosemide-with-potassium-chloride-1146-0-1912-0.html,none_found,"""There were no interactions found between furosemide and potassium chloride.""",2026-10-01,"Drugs.com pair checker reports no drug interaction; this is absence of a listing, not proof of no interaction."
phenytoin + simvastatin,https://www.drugs.com/drug-interactions/phenytoin-sodium-with-simvastatin-1863-15957-2067-0.html,none_found,"""There were no interactions found between Phenytoin Sodium and simvastatin.""",2026-10-01,Drugs.com pair checker reports no drug interaction; absence is not proof of no interaction.
azithromycin + doxycycline,https://www.drugs.com/interactions-check.php?drug_list=300-0%2C940-0,none_found,"""azithromycin"" | ""doxycycline"" | ""No drug interactions were found between the drugs in your list.""",2026-10-01,Drugs.com checker lists azithromycin and doxycycline; no direct drug interaction found.
azithromycin + clopidogrel,https://www.drugs.com/drug-interactions/azithromycin-with-plavix-300-0-705-360.html,none_found,"""There were no interactions found between azithromycin and Plavix.""",2026-10-01,Plavix contains clopidogrel; pair checker reports no drug interaction.
clarithromycin + furosemide,https://pmc.ncbi.nlm.nih.gov/articles/PMC11196341/,interaction_no_severity,"""Furosemide is predicted to cause hypokalaemia (potentially increasing the risk of torsade de pointes) when given with clarithromycin.""",2026-10-01,Peer-reviewed article describes a theoretical pair interaction but gives no major/moderate/minor class; not a direct clinical checker rating.
ibuprofen + tramadol,https://www.drugs.com/drug-interactions/ibuprofen-with-tramadol-1310-0-2221-0.html,none_found,"""ibuprofen"" | ""tramadol"" | ""No drug interactions were found between the drugs in your list.""",2026-10-01,Drugs.com pair checker lists ibuprofen and tramadol; no direct drug interaction found.
simvastatin + tramadol,,not_retrievable,"""none""",2026-10-01,Could not fetch a usable exact-pair source page. Search results returned other statins or tramadol pairs; excluded.
benzylpenicillin + levothyroxine,,not_retrievable,"""none""",2026-10-01,"Could not fetch a usable exact-pair source page from Drugs.com, DailyMed, or Medscape."
levothyroxine + prednisolone,https://www.drugs.com/interactions-check.php?drug_list=1463-0%2C1933-0&professional=1,moderate,"""prednisoLONE levothyroxine Applies to: prednisolone, levothyroxine""",2026-10-01,Drugs.com classifies exact pair as moderate.
metformin + sertraline,https://www.drugs.com/drug-interactions/metformin-with-sertraline-1573-0-2057-0.html,none_found,"""There were no interactions found between metformin and sertraline.""",2026-10-01,Drugs.com pair checker reports no drug interaction; absence is not proof of no interaction.
amoxicillin + phenytoin,https://www.drugs.com/interactions-check.php?drug_list=1863-0%2C2128-0&professional=1,none_found,"""Coadministration with trimethoprim may increase serum concentrations of phenytoin. No such risk was observed with amoxicillin.""",2026-10-01,"Comparator statement in phenytoin interaction report; not an exact-pair checker result. Treated as no known interaction found, not proof."
atorvastatin + potassium chloride,https://www.drugs.com/drug-interactions/lipitor-with-potassium-chloride-276-128-1912-0.html,none_found,"""There were no interactions found between Lipitor and potassium chloride.""",2026-10-01,Lipitor contains atorvastatin; exact pair checker reports none found.
amoxicillin + fluconazole,https://www.drugs.com/drug-interactions/amoxicillin-with-diflucan-187-0-1096-630.html,none_found,"""There were no interactions found between amoxicillin and Diflucan.""",2026-10-01,Diflucan contains fluconazole; exact pair checker reports none found.
diazepam + pantoprazole,https://www.drugs.com/drug-interactions/diazepam-with-pantoprazole-862-0-1790-0.html,none_found,"""There were no interactions found between diazepam and pantoprazole.""",2026-10-01,Drugs.com exact pair checker reports no drug interaction.
acetaminophen + ibuprofen,https://www.drugs.com/interactions-check.php?drug_list=11-2744%2C1310-0&professional=1,moderate,"""ibuprofen acetaminophen Applies to: ibuprofen, Paracetamol (acetaminophen)""",2026-10-01,Drugs.com classifies exact pair as moderate.
acetylsalicylic acid + diazepam,https://www.drugs.com/interactions-check.php?drug_list=243-3197%2C862-0,none_found,"""Aspirin Low Strength (aspirin)"" | ""diazepam"" | ""No drug interactions found, but 44 warnings to review for the following 2 drugs:""",2026-10-01,The page names Aspirin Low Strength (aspirin) and diazepam; no direct drug interaction found.
metformin + omeprazole,https://www.drugs.com/drug-interactions/metformin-with-omeprazole-1573-0-1750-0.html,none_found,"""There were no interactions found between metformin and omeprazole.""",2026-10-01,Drugs.com exact pair checker reports no drug interaction.
acetylsalicylic acid + atorvastatin,https://www.drugs.com/drug-interactions/acetylsalicylic-acid-with-atorvastatin-243-3224-276-0.html?professional=1,none_found,"""There were no interactions found between Acetylsalicylic Acid and atorvastatin.""",2026-10-01,Drugs.com exact pair checker reports no drug interaction.
carbamazepine + potassium chloride,,not_retrievable,"""none""",2026-10-01,Could not fetch a usable exact-pair source page; search returned generic monographs or unrelated pairs.
phenytoin + potassium chloride,https://www.drugs.com/drug-interactions/phenytoin-sodium-with-potassium-chloride-1863-15957-1912-0.html?professional=1,none_found,"""There were no interactions found between Phenytoin Sodium and potassium chloride.""",2026-10-01,Drugs.com exact pair checker reports no drug interaction.
azithromycin + potassium chloride,https://www.drugs.com/interactions-check.php?drug_list=1912-0%2C300-3058,none_found,"""potassium chloride"" | ""Zmax (azithromycin)"" | ""No drug interactions found, but 29 warnings to review for the following 2 drugs:""",2026-10-01,Drugs.com checker lists potassium chloride and Zmax (azithromycin); no direct drug interaction found.
potassium chloride + tramadol,https://www.drugs.com/drug-interactions/k-potassium-with-tramadol-1912-3660-2221-0.html,none_found,"""There were no interactions found between K + Potassium and tramadol.""",2026-10-01,K + Potassium contains potassium chloride; exact pair checker reports no drug interaction.
acetaminophen + potassium chloride,https://www.drugs.com/drug-interactions/potassium-chloride-with-tylenol-1912-0-11-12.html,none_found,"""There were no interactions found between potassium chloride and Tylenol.""",2026-10-01,Tylenol contains acetaminophen; exact pair checker reports no drug interaction.
potassium chloride + sertraline,,not_retrievable,"""none""",2026-10-01,Could not fetch a usable exact-pair source page. A page for potassium salts plus sertraline did not specifically establish a potassium chloride pair; excluded.
diazepam + potassium chloride,https://www.drugs.com/interactions-check.php?drug_list=1912-3661%2C862-0,none_found,"""Klor-Con/25 (potassium chloride)"" | ""diazepam"" | ""No drug interactions found between the drugs in your list.""",2026-10-01,Drugs.com checker lists Klor-Con/25 (potassium chloride) and diazepam; no direct drug interaction found.
