pair,predicted_label,probability_bin,sampling_seed,source_checked,source_url,source_result,agrees,notes
furosemide + potassium chloride,Major,"[tau, 0.80)",20260930,,,,,
phenytoin + simvastatin,Major,"[0.90, 1.00]",20260930,,,,,
azithromycin + doxycycline,Moderate,"[tau, 0.80)",20260930,,,,,
azithromycin + clopidogrel,Moderate,"[tau, 0.80)",20260930,,,,,
clarithromycin + furosemide,Moderate,"[tau, 0.80)",20260930,,,,,
ibuprofen + tramadol,Moderate,"[0.80, 0.90)",20260930,,,,,
simvastatin + tramadol,Moderate,"[0.80, 0.90)",20260930,,,,,
benzylpenicillin + levothyroxine,Moderate,"[0.80, 0.90)",20260930,,,,,
levothyroxine + prednisolone,Moderate,"[0.90, 1.00]",20260930,,,,,
metformin + sertraline,Moderate,"[0.90, 1.00]",20260930,,,,,
amoxicillin + phenytoin,Minor,"[tau, 0.80)",20260930,,,,,
atorvastatin + potassium chloride,Minor,"[tau, 0.80)",20260930,,,,,
amoxicillin + fluconazole,Minor,"[0.80, 0.90)",20260930,,,,,
diazepam + pantoprazole,Minor,"[0.80, 0.90)",20260930,,,,,
acetaminophen + ibuprofen,Minor,"[0.90, 1.00]",20260930,,,,,
acetylsalicylic acid + diazepam,Minor,"[0.90, 1.00]",20260930,,,,,
metformin + omeprazole,Minor,"[0.90, 1.00]",20260930,,,,,
acetylsalicylic acid + atorvastatin,Minor,"[0.90, 1.00]",20260930,,,,,
