pair,predicted_label,probability_bin,sampling_seed,source_checked,source_url,source_result,agrees,notes,stratum,accessed_on
furosemide + potassium chloride,Major,"[tau, 0.80)",20260930,yes,https://www.drugs.com/drug-interactions/furosemide-with-potassium-chloride-1146-0-1912-0.html,none_found: There were no interactions found between furosemide and potassium chloride.,unclear,"Drugs.com pair checker reports no drug interaction; this is absence of a listing, not proof of no interaction.",main,2026-10-01
phenytoin + simvastatin,Major,"[0.90, 1.00]",20260930,yes,https://www.drugs.com/drug-interactions/phenytoin-sodium-with-simvastatin-1863-15957-2067-0.html,none_found: There were no interactions found between Phenytoin Sodium and simvastatin.,unclear,Drugs.com pair checker reports no drug interaction; absence is not proof of no interaction.,main,2026-10-01
azithromycin + doxycycline,Moderate,"[tau, 0.80)",20260930,yes,https://www.drugs.com/interactions-check.php?drug_list=300-0%2C940-0,"none_found: ""azithromycin"" | ""doxycycline"" | ""No drug interactions were found between the drugs in your list.""",unclear,Drugs.com checker lists azithromycin and doxycycline; no direct drug interaction found.,main,2026-10-01
azithromycin + clopidogrel,Moderate,"[tau, 0.80)",20260930,yes,https://www.drugs.com/drug-interactions/azithromycin-with-plavix-300-0-705-360.html,none_found: There were no interactions found between azithromycin and Plavix.,unclear,Plavix contains clopidogrel; pair checker reports no drug interaction.,main,2026-10-01
clarithromycin + furosemide,Moderate,"[tau, 0.80)",20260930,yes,https://pmc.ncbi.nlm.nih.gov/articles/PMC11196341/,"interaction_no_severity: ""Furosemide is predicted to cause hypokalaemia (potentially increasing the risk of torsade de pointes) when given with clarithromycin.""",unclear,Peer-reviewed article describes a theoretical pair interaction but gives no major/moderate/minor class; not a direct clinical checker rating.,main,2026-10-01
ibuprofen + tramadol,Moderate,"[0.80, 0.90)",20260930,yes,https://www.drugs.com/drug-interactions/ibuprofen-with-tramadol-1310-0-2221-0.html,"none_found: ""ibuprofen"" | ""tramadol"" | ""No drug interactions were found between the drugs in your list.""",unclear,Drugs.com pair checker lists ibuprofen and tramadol; no direct drug interaction found.,main,2026-10-01
simvastatin + tramadol,Moderate,"[0.80, 0.90)",20260930,no,,not_retrievable: none,unclear,Could not fetch a usable exact-pair source page. Search results returned other statins or tramadol pairs; excluded.,main,2026-10-01
benzylpenicillin + levothyroxine,Moderate,"[0.80, 0.90)",20260930,no,,not_retrievable: none,unclear,"Could not fetch a usable exact-pair source page from Drugs.com, DailyMed, or Medscape.",main,2026-10-01
levothyroxine + prednisolone,Moderate,"[0.90, 1.00]",20260930,yes,https://www.drugs.com/interactions-check.php?drug_list=1463-0%2C1933-0&professional=1,"moderate: prednisoLONE levothyroxine Applies to: prednisolone, levothyroxine",agree,Drugs.com classifies exact pair as moderate.,main,2026-10-01
metformin + sertraline,Moderate,"[0.90, 1.00]",20260930,yes,https://www.drugs.com/drug-interactions/metformin-with-sertraline-1573-0-2057-0.html,none_found: There were no interactions found between metformin and sertraline.,unclear,Drugs.com pair checker reports no drug interaction; absence is not proof of no interaction.,main,2026-10-01
amoxicillin + phenytoin,Minor,"[tau, 0.80)",20260930,yes,https://www.drugs.com/interactions-check.php?drug_list=1863-0%2C2128-0&professional=1,none_found: Coadministration with trimethoprim may increase serum concentrations of phenytoin. No such risk was observed with amoxicillin.,unclear,"Comparator statement in phenytoin interaction report; not an exact-pair checker result. Treated as no known interaction found, not proof.",main,2026-10-01
atorvastatin + potassium chloride,Minor,"[tau, 0.80)",20260930,yes,https://www.drugs.com/drug-interactions/lipitor-with-potassium-chloride-276-128-1912-0.html,none_found: There were no interactions found between Lipitor and potassium chloride.,unclear,Lipitor contains atorvastatin; exact pair checker reports none found.,main,2026-10-01
amoxicillin + fluconazole,Minor,"[0.80, 0.90)",20260930,yes,https://www.drugs.com/drug-interactions/amoxicillin-with-diflucan-187-0-1096-630.html,none_found: There were no interactions found between amoxicillin and Diflucan.,unclear,Diflucan contains fluconazole; exact pair checker reports none found.,main,2026-10-01
diazepam + pantoprazole,Minor,"[0.80, 0.90)",20260930,yes,https://www.drugs.com/drug-interactions/diazepam-with-pantoprazole-862-0-1790-0.html,none_found: There were no interactions found between diazepam and pantoprazole.,unclear,Drugs.com exact pair checker reports no drug interaction.,main,2026-10-01
acetaminophen + ibuprofen,Minor,"[0.90, 1.00]",20260930,yes,https://www.drugs.com/interactions-check.php?drug_list=11-2744%2C1310-0&professional=1,"moderate: ibuprofen acetaminophen Applies to: ibuprofen, Paracetamol (acetaminophen)",disagree,Drugs.com classifies exact pair as moderate.,main,2026-10-01
acetylsalicylic acid + diazepam,Minor,"[0.90, 1.00]",20260930,yes,https://www.drugs.com/interactions-check.php?drug_list=243-3197%2C862-0,"none_found: ""Aspirin Low Strength (aspirin)"" | ""diazepam"" | ""No drug interactions found, but 44 warnings to review for the following 2 drugs:""",unclear,The page names Aspirin Low Strength (aspirin) and diazepam; no direct drug interaction found.,main,2026-10-01
metformin + omeprazole,Minor,"[0.90, 1.00]",20260930,yes,https://www.drugs.com/drug-interactions/metformin-with-omeprazole-1573-0-1750-0.html,none_found: There were no interactions found between metformin and omeprazole.,unclear,Drugs.com exact pair checker reports no drug interaction.,main,2026-10-01
acetylsalicylic acid + atorvastatin,Minor,"[0.90, 1.00]",20260930,yes,https://www.drugs.com/drug-interactions/acetylsalicylic-acid-with-atorvastatin-243-3224-276-0.html?professional=1,none_found: There were no interactions found between Acetylsalicylic Acid and atorvastatin.,unclear,Drugs.com exact pair checker reports no drug interaction.,main,2026-10-01
carbamazepine + potassium chloride,Major,"[tau, 0.80)",20260930,no,,not_retrievable: none,unclear,Could not fetch a usable exact-pair source page; search returned generic monographs or unrelated pairs.,kcl_appendix,2026-10-01
phenytoin + potassium chloride,Major,"[tau, 0.80)",20260930,yes,https://www.drugs.com/drug-interactions/phenytoin-sodium-with-potassium-chloride-1863-15957-1912-0.html?professional=1,none_found: There were no interactions found between Phenytoin Sodium and potassium chloride.,unclear,Drugs.com exact pair checker reports no drug interaction.,kcl_appendix,2026-10-01
azithromycin + potassium chloride,Major,"[tau, 0.80)",20260930,yes,https://www.drugs.com/interactions-check.php?drug_list=1912-0%2C300-3058,"none_found: ""potassium chloride"" | ""Zmax (azithromycin)"" | ""No drug interactions found, but 29 warnings to review for the following 2 drugs:""",unclear,Drugs.com checker lists potassium chloride and Zmax (azithromycin); no direct drug interaction found.,kcl_appendix,2026-10-01
potassium chloride + tramadol,Major,"[0.80, 0.90)",20260930,yes,https://www.drugs.com/drug-interactions/k-potassium-with-tramadol-1912-3660-2221-0.html,none_found: There were no interactions found between K + Potassium and tramadol.,unclear,K + Potassium contains potassium chloride; exact pair checker reports no drug interaction.,kcl_appendix,2026-10-01
acetaminophen + potassium chloride,Major,"[0.80, 0.90)",20260930,yes,https://www.drugs.com/drug-interactions/potassium-chloride-with-tylenol-1912-0-11-12.html,none_found: There were no interactions found between potassium chloride and Tylenol.,unclear,Tylenol contains acetaminophen; exact pair checker reports no drug interaction.,kcl_appendix,2026-10-01
potassium chloride + sertraline,Major,,,no,,not_retrievable: none,unclear,Could not fetch a usable exact-pair source page. A page for potassium salts plus sertraline did not specifically establish a potassium chloride pair; excluded.,extra_major,2026-10-01
diazepam + potassium chloride,Major,,,yes,https://www.drugs.com/interactions-check.php?drug_list=1912-3661%2C862-0,"none_found: ""Klor-Con/25 (potassium chloride)"" | ""diazepam"" | ""No drug interactions found between the drugs in your list.""",unclear,Drugs.com checker lists Klor-Con/25 (potassium chloride) and diazepam; no direct drug interaction found.,extra_major,2026-10-01
