pair,predicted_label,source_checked,source_url,source_result,agrees,notes
Acetaminophen + Potassium chloride,Major,,,,,
Furosemide + Potassium chloride,Major,,,,,
Phenytoin + Simvastatin,Major,,,,,
Clarithromycin + Ibuprofen,Moderate,,,,,
Ibuprofen + Levothyroxine,Moderate,,,,,
Prednisolone + Sertraline,Moderate,,,,,
Benzylpenicillin + Levothyroxine,Moderate,,,,,
Azithromycin + Prednisolone,Moderate,,,,,
Sertraline + Simvastatin,Moderate,,,,,
Azithromycin + Metformin,Moderate,,,,,
Acetaminophen + Clopidogrel,Minor,,,,,
Clopidogrel + Lisinopril,Minor,,,,,
Omeprazole + Pantoprazole,Minor,,,,,
Amoxicillin + Furosemide,Minor,,,,,
Diazepam + Pantoprazole,Minor,,,,,
Doxycycline + Lisinopril,Minor,,,,,
