ingredient,display_name,ddinter_name
Warfarin,warfarin,Warfarin
Acetylsalicylic acid,acetylsalicylic acid,Acetylsalicylic acid
Ibuprofen,ibuprofen,Ibuprofen
Metformin,metformin,Metformin
Lisinopril,lisinopril,Lisinopril
Amoxicillin,amoxicillin,Amoxicillin
Clarithromycin,clarithromycin,Clarithromycin
Simvastatin,simvastatin,Simvastatin
Sertraline,sertraline,Sertraline
Tramadol,tramadol,Tramadol
Acetaminophen,paracetamol,Acetaminophen
Furosemide,furosemide,Furosemide
Atorvastatin,atorvastatin,Atorvastatin
Clopidogrel,clopidogrel,Clopidogrel
Digoxin,digoxin,Digoxin
Fluconazole,fluconazole,Fluconazole
Ciprofloxacin,ciprofloxacin,Ciprofloxacin
Azithromycin,azithromycin,Azithromycin
Omeprazole,omeprazole,Omeprazole
Pantoprazole,pantoprazole,Pantoprazole
Levothyroxine,levothyroxine,Levothyroxine
Carbamazepine,carbamazepine,Carbamazepine
Phenytoin,phenytoin,Phenytoin
Diazepam,diazepam,Diazepam
Codeine,codeine,Codeine
Potassium chloride,potassium chloride,Potassium chloride
Spironolactone,spironolactone,Spironolactone
Doxycycline,doxycycline,Doxycycline
Prednisolone,prednisolone,Prednisolone
Benzylpenicillin,benzylpenicillin,Benzylpenicillin
