rule_id,type,drugs,severity,reason,mechanism,recommendation,source_name,source_url,version_or_access_date,review_status,reviewed_by,verified_on,trigger,license
DDINTER-DDInter1064-DDInter1079,DDI,Levothyroxine|Lisinopril,UNSPECIFIED,DDInter lists this pair at risk level Unknown.,,,DDInter downloadable interaction dataset,https://ddinter.scbdd.com/download/,Downloaded 2026-09-30,dataset_imported_not_independently_clinically_reviewed,,,,CC BY-NC-SA 4.0; noncommercial use only
DDINTER-DDInter1064-DDInter1164,DDI,Metformin|Levothyroxine,MODERATE,DDInter lists this pair at risk level Moderate.,,,DDInter downloadable interaction dataset,https://ddinter.scbdd.com/download/,Downloaded 2026-09-30,dataset_imported_not_independently_clinically_reviewed,,,,CC BY-NC-SA 4.0; noncommercial use only
DDINTER-DDInter1064-DDInter133,DDI,Levothyroxine|Atorvastatin,UNSPECIFIED,DDInter lists this pair at risk level Unknown.,,,DDInter downloadable interaction dataset,https://ddinter.scbdd.com/download/,Downloaded 2026-09-30,dataset_imported_not_independently_clinically_reviewed,,,,CC BY-NC-SA 4.0; noncommercial use only
DDINTER-DDInter1064-DDInter1340,DDI,Omeprazole|Levothyroxine,MODERATE,DDInter lists this pair at risk level Moderate.,,,DDInter downloadable interaction dataset,https://ddinter.scbdd.com/download/,Downloaded 2026-09-30,dataset_imported_not_independently_clinically_reviewed,,,,CC BY-NC-SA 4.0; noncommercial use only
DDINTER-DDInter1064-DDInter1388,DDI,Pantoprazole|Levothyroxine,MODERATE,DDInter lists this pair at risk level Moderate.,,,DDInter downloadable interaction dataset,https://ddinter.scbdd.com/download/,Downloaded 2026-09-30,dataset_imported_not_independently_clinically_reviewed,,,,CC BY-NC-SA 4.0; noncommercial use only
DDINTER-DDInter1064-DDInter14,DDI,Acetaminophen|Levothyroxine,UNSPECIFIED,DDInter lists this pair at risk level Unknown.,,,DDInter downloadable interaction dataset,https://ddinter.scbdd.com/download/,Downloaded 2026-09-30,dataset_imported_not_independently_clinically_reviewed,,,,CC BY-NC-SA 4.0; noncommercial use only
DDINTER-DDInter1064-DDInter1460,DDI,Phenytoin|Levothyroxine,MODERATE,DDInter lists this pair at risk level Moderate.,,,DDInter downloadable interaction dataset,https://ddinter.scbdd.com/download/,Downloaded 2026-09-30,dataset_imported_not_independently_clinically_reviewed,,,,CC BY-NC-SA 4.0; noncommercial use only
DDINTER-DDInter1064-DDInter1497,DDI,Levothyroxine|Potassium chloride,UNSPECIFIED,DDInter lists this pair at risk level Unknown.,,,DDInter downloadable interaction dataset,https://ddinter.scbdd.com/download/,Downloaded 2026-09-30,dataset_imported_not_independently_clinically_reviewed,,,,CC BY-NC-SA 4.0; noncommercial use only
DDINTER-DDInter1064-DDInter1513,DDI,Levothyroxine|Prednisolone,UNSPECIFIED,DDInter lists this pair at risk level Unknown.,,,DDInter downloadable interaction dataset,https://ddinter.scbdd.com/download/,Downloaded 2026-09-30,dataset_imported_not_independently_clinically_reviewed,,,,CC BY-NC-SA 4.0; noncommercial use only
DDINTER-DDInter1064-DDInter157,DDI,Azithromycin|Levothyroxine,UNSPECIFIED,DDInter lists this pair at risk level Unknown.,,,DDInter downloadable interaction dataset,https://ddinter.scbdd.com/download/,Downloaded 2026-09-30,dataset_imported_not_independently_clinically_reviewed,,,,CC BY-NC-SA 4.0; noncommercial use only
DDINTER-DDInter1064-DDInter1662,DDI,Levothyroxine|Sertraline,UNSPECIFIED,DDInter lists this pair at risk level Unknown.,,,DDInter downloadable interaction dataset,https://ddinter.scbdd.com/download/,Downloaded 2026-09-30,dataset_imported_not_independently_clinically_reviewed,,,,CC BY-NC-SA 4.0; noncommercial use only
DDINTER-DDInter1064-DDInter1675,DDI,Levothyroxine|Simvastatin,MINOR,DDInter lists this pair at risk level Minor.,,,DDInter downloadable interaction dataset,https://ddinter.scbdd.com/download/,Downloaded 2026-09-30,dataset_imported_not_independently_clinically_reviewed,,,,CC BY-NC-SA 4.0; noncommercial use only
DDINTER-DDInter1064-DDInter1707,DDI,Spironolactone|Levothyroxine,UNSPECIFIED,DDInter lists this pair at risk level Unknown.,,,DDInter downloadable interaction dataset,https://ddinter.scbdd.com/download/,Downloaded 2026-09-30,dataset_imported_not_independently_clinically_reviewed,,,,CC BY-NC-SA 4.0; noncommercial use only
DDINTER-DDInter1064-DDInter1841,DDI,Tramadol|Levothyroxine,UNSPECIFIED,DDInter lists this pair at risk level Unknown.,,,DDInter downloadable interaction dataset,https://ddinter.scbdd.com/download/,Downloaded 2026-09-30,dataset_imported_not_independently_clinically_reviewed,,,,CC BY-NC-SA 4.0; noncommercial use only
DDINTER-DDInter1064-DDInter189,DDI,Levothyroxine|Benzylpenicillin,UNSPECIFIED,DDInter lists this pair at risk level Unknown.,,,DDInter downloadable interaction dataset,https://ddinter.scbdd.com/download/,Downloaded 2026-09-30,dataset_imported_not_independently_clinically_reviewed,,,,CC BY-NC-SA 4.0; noncommercial use only
DDINTER-DDInter1064-DDInter1951,DDI,Levothyroxine|Warfarin,MODERATE,DDInter lists this pair at risk level Moderate.,,,DDInter downloadable interaction dataset,https://ddinter.scbdd.com/download/,Downloaded 2026-09-30,dataset_imported_not_independently_clinically_reviewed,,,,CC BY-NC-SA 4.0; noncommercial use only
DDINTER-DDInter1064-DDInter20,DDI,Levothyroxine|Acetylsalicylic acid,UNSPECIFIED,DDInter lists this pair at risk level Unknown.,,,DDInter downloadable interaction dataset,https://ddinter.scbdd.com/download/,Downloaded 2026-09-30,dataset_imported_not_independently_clinically_reviewed,,,,CC BY-NC-SA 4.0; noncommercial use only
DDINTER-DDInter1064-DDInter293,DDI,Levothyroxine|Carbamazepine,MODERATE,DDInter lists this pair at risk level Moderate.,,,DDInter downloadable interaction dataset,https://ddinter.scbdd.com/download/,Downloaded 2026-09-30,dataset_imported_not_independently_clinically_reviewed,,,,CC BY-NC-SA 4.0; noncommercial use only
DDINTER-DDInter1064-DDInter384,DDI,Levothyroxine|Ciprofloxacin,MODERATE,DDInter lists this pair at risk level Moderate.,,,DDInter downloadable interaction dataset,https://ddinter.scbdd.com/download/,Downloaded 2026-09-30,dataset_imported_not_independently_clinically_reviewed,,,,CC BY-NC-SA 4.0; noncommercial use only
DDINTER-DDInter1064-DDInter393,DDI,Levothyroxine|Clarithromycin,UNSPECIFIED,DDInter lists this pair at risk level Unknown.,,,DDInter downloadable interaction dataset,https://ddinter.scbdd.com/download/,Downloaded 2026-09-30,dataset_imported_not_independently_clinically_reviewed,,,,CC BY-NC-SA 4.0; noncommercial use only
DDINTER-DDInter1064-DDInter413,DDI,Levothyroxine|Clopidogrel,UNSPECIFIED,DDInter lists this pair at risk level Unknown.,,,DDInter downloadable interaction dataset,https://ddinter.scbdd.com/download/,Downloaded 2026-09-30,dataset_imported_not_independently_clinically_reviewed,,,,CC BY-NC-SA 4.0; noncommercial use only
DDINTER-DDInter1064-DDInter534,DDI,Levothyroxine|Diazepam,UNSPECIFIED,DDInter lists this pair at risk level Unknown.,,,DDInter downloadable interaction dataset,https://ddinter.scbdd.com/download/,Downloaded 2026-09-30,dataset_imported_not_independently_clinically_reviewed,,,,CC BY-NC-SA 4.0; noncommercial use only
DDINTER-DDInter1064-DDInter554,DDI,Digoxin|Levothyroxine,MODERATE,DDInter lists this pair at risk level Moderate.,,,DDInter downloadable interaction dataset,https://ddinter.scbdd.com/download/,Downloaded 2026-09-30,dataset_imported_not_independently_clinically_reviewed,,,,CC BY-NC-SA 4.0; noncommercial use only
DDINTER-DDInter1064-DDInter598,DDI,Doxycycline|Levothyroxine,UNSPECIFIED,DDInter lists this pair at risk level Unknown.,,,DDInter downloadable interaction dataset,https://ddinter.scbdd.com/download/,Downloaded 2026-09-30,dataset_imported_not_independently_clinically_reviewed,,,,CC BY-NC-SA 4.0; noncommercial use only
DDINTER-DDInter1064-DDInter743,DDI,Fluconazole|Levothyroxine,UNSPECIFIED,DDInter lists this pair at risk level Unknown.,,,DDInter downloadable interaction dataset,https://ddinter.scbdd.com/download/,Downloaded 2026-09-30,dataset_imported_not_independently_clinically_reviewed,,,,CC BY-NC-SA 4.0; noncommercial use only
DDINTER-DDInter1064-DDInter790,DDI,Levothyroxine|Furosemide,UNSPECIFIED,DDInter lists this pair at risk level Unknown.,,,DDInter downloadable interaction dataset,https://ddinter.scbdd.com/download/,Downloaded 2026-09-30,dataset_imported_not_independently_clinically_reviewed,,,,CC BY-NC-SA 4.0; noncommercial use only
DDINTER-DDInter1064-DDInter83,DDI,Levothyroxine|Amoxicillin,UNSPECIFIED,DDInter lists this pair at risk level Unknown.,,,DDInter downloadable interaction dataset,https://ddinter.scbdd.com/download/,Downloaded 2026-09-30,dataset_imported_not_independently_clinically_reviewed,,,,CC BY-NC-SA 4.0; noncommercial use only
DDINTER-DDInter1064-DDInter900,DDI,Levothyroxine|Ibuprofen,UNSPECIFIED,DDInter lists this pair at risk level Unknown.,,,DDInter downloadable interaction dataset,https://ddinter.scbdd.com/download/,Downloaded 2026-09-30,dataset_imported_not_independently_clinically_reviewed,,,,CC BY-NC-SA 4.0; noncommercial use only
DDINTER-DDInter1079-DDInter1164,DDI,Metformin|Lisinopril,MODERATE,DDInter lists this pair at risk level Moderate.,,,DDInter downloadable interaction dataset,https://ddinter.scbdd.com/download/,Downloaded 2026-09-30,dataset_imported_not_independently_clinically_reviewed,,,,CC BY-NC-SA 4.0; noncommercial use only
DDINTER-DDInter1079-DDInter1340,DDI,Omeprazole|Lisinopril,UNSPECIFIED,DDInter lists this pair at risk level Unknown.,,,DDInter downloadable interaction dataset,https://ddinter.scbdd.com/download/,Downloaded 2026-09-30,dataset_imported_not_independently_clinically_reviewed,,,,CC BY-NC-SA 4.0; noncommercial use only
DDINTER-DDInter1079-DDInter1388,DDI,Pantoprazole|Lisinopril,UNSPECIFIED,DDInter lists this pair at risk level Unknown.,,,DDInter downloadable interaction dataset,https://ddinter.scbdd.com/download/,Downloaded 2026-09-30,dataset_imported_not_independently_clinically_reviewed,,,,CC BY-NC-SA 4.0; noncommercial use only
DDINTER-DDInter1079-DDInter1497,DDI,Lisinopril|Potassium chloride,MAJOR,DDInter lists this pair at risk level Major.,,,DDInter downloadable interaction dataset,https://ddinter.scbdd.com/download/,Downloaded 2026-09-30,dataset_imported_not_independently_clinically_reviewed,,,,CC BY-NC-SA 4.0; noncommercial use only
DDINTER-DDInter1079-DDInter1513,DDI,Lisinopril|Prednisolone,MODERATE,DDInter lists this pair at risk level Moderate.,,,DDInter downloadable interaction dataset,https://ddinter.scbdd.com/download/,Downloaded 2026-09-30,dataset_imported_not_independently_clinically_reviewed,,,,CC BY-NC-SA 4.0; noncommercial use only
DDINTER-DDInter1079-DDInter1675,DDI,Simvastatin|Lisinopril,UNSPECIFIED,DDInter lists this pair at risk level Unknown.,,,DDInter downloadable interaction dataset,https://ddinter.scbdd.com/download/,Downloaded 2026-09-30,dataset_imported_not_independently_clinically_reviewed,,,,CC BY-NC-SA 4.0; noncommercial use only
DDINTER-DDInter1079-DDInter1951,DDI,Warfarin|Lisinopril,UNSPECIFIED,DDInter lists this pair at risk level Unknown.,,,DDInter downloadable interaction dataset,https://ddinter.scbdd.com/download/,Downloaded 2026-09-30,dataset_imported_not_independently_clinically_reviewed,,,,CC BY-NC-SA 4.0; noncommercial use only
DDINTER-DDInter1079-DDInter20,DDI,Lisinopril|Acetylsalicylic acid,MODERATE,DDInter lists this pair at risk level Moderate.,,,DDInter downloadable interaction dataset,https://ddinter.scbdd.com/download/,Downloaded 2026-09-30,dataset_imported_not_independently_clinically_reviewed,,,,CC BY-NC-SA 4.0; noncommercial use only
DDINTER-DDInter1079-DDInter393,DDI,Lisinopril|Clarithromycin,UNSPECIFIED,DDInter lists this pair at risk level Unknown.,,,DDInter downloadable interaction dataset,https://ddinter.scbdd.com/download/,Downloaded 2026-09-30,dataset_imported_not_independently_clinically_reviewed,,,,CC BY-NC-SA 4.0; noncommercial use only
DDINTER-DDInter1079-DDInter413,DDI,Lisinopril|Clopidogrel,UNSPECIFIED,DDInter lists this pair at risk level Unknown.,,,DDInter downloadable interaction dataset,https://ddinter.scbdd.com/download/,Downloaded 2026-09-30,dataset_imported_not_independently_clinically_reviewed,,,,CC BY-NC-SA 4.0; noncommercial use only
DDINTER-DDInter1079-DDInter429,DDI,Codeine|Lisinopril,MODERATE,DDInter lists this pair at risk level Moderate.,,,DDInter downloadable interaction dataset,https://ddinter.scbdd.com/download/,Downloaded 2026-09-30,dataset_imported_not_independently_clinically_reviewed,,,,CC BY-NC-SA 4.0; noncommercial use only
DDINTER-DDInter1079-DDInter598,DDI,Doxycycline|Lisinopril,UNSPECIFIED,DDInter lists this pair at risk level Unknown.,,,DDInter downloadable interaction dataset,https://ddinter.scbdd.com/download/,Downloaded 2026-09-30,dataset_imported_not_independently_clinically_reviewed,,,,CC BY-NC-SA 4.0; noncommercial use only
DDINTER-DDInter1079-DDInter743,DDI,Fluconazole|Lisinopril,UNSPECIFIED,DDInter lists this pair at risk level Unknown.,,,DDInter downloadable interaction dataset,https://ddinter.scbdd.com/download/,Downloaded 2026-09-30,dataset_imported_not_independently_clinically_reviewed,,,,CC BY-NC-SA 4.0; noncommercial use only
DDINTER-DDInter1079-DDInter83,DDI,Lisinopril|Amoxicillin,UNSPECIFIED,DDInter lists this pair at risk level Unknown.,,,DDInter downloadable interaction dataset,https://ddinter.scbdd.com/download/,Downloaded 2026-09-30,dataset_imported_not_independently_clinically_reviewed,,,,CC BY-NC-SA 4.0; noncommercial use only
DDINTER-DDInter1079-DDInter900,DDI,Lisinopril|Ibuprofen,MODERATE,DDInter lists this pair at risk level Moderate.,,,DDInter downloadable interaction dataset,https://ddinter.scbdd.com/download/,Downloaded 2026-09-30,dataset_imported_not_independently_clinically_reviewed,,,,CC BY-NC-SA 4.0; noncommercial use only
DDINTER-DDInter1164-DDInter133,DDI,Metformin|Atorvastatin,UNSPECIFIED,DDInter lists this pair at risk level Unknown.,,,DDInter downloadable interaction dataset,https://ddinter.scbdd.com/download/,Downloaded 2026-09-30,dataset_imported_not_independently_clinically_reviewed,,,,CC BY-NC-SA 4.0; noncommercial use only
DDINTER-DDInter1164-DDInter1340,DDI,Metformin|Omeprazole,UNSPECIFIED,DDInter lists this pair at risk level Unknown.,,,DDInter downloadable interaction dataset,https://ddinter.scbdd.com/download/,Downloaded 2026-09-30,dataset_imported_not_independently_clinically_reviewed,,,,CC BY-NC-SA 4.0; noncommercial use only
DDINTER-DDInter1164-DDInter1388,DDI,Pantoprazole|Metformin,UNSPECIFIED,DDInter lists this pair at risk level Unknown.,,,DDInter downloadable interaction dataset,https://ddinter.scbdd.com/download/,Downloaded 2026-09-30,dataset_imported_not_independently_clinically_reviewed,,,,CC BY-NC-SA 4.0; noncommercial use only
DDINTER-DDInter1164-DDInter14,DDI,Acetaminophen|Metformin,UNSPECIFIED,DDInter lists this pair at risk level Unknown.,,,DDInter downloadable interaction dataset,https://ddinter.scbdd.com/download/,Downloaded 2026-09-30,dataset_imported_not_independently_clinically_reviewed,,,,CC BY-NC-SA 4.0; noncommercial use only
DDINTER-DDInter1164-DDInter1460,DDI,Phenytoin|Metformin,MODERATE,DDInter lists this pair at risk level Moderate.,,,DDInter downloadable interaction dataset,https://ddinter.scbdd.com/download/,Downloaded 2026-09-30,dataset_imported_not_independently_clinically_reviewed,,,,CC BY-NC-SA 4.0; noncommercial use only
DDINTER-DDInter1164-DDInter1497,DDI,Metformin|Potassium chloride,UNSPECIFIED,DDInter lists this pair at risk level Unknown.,,,DDInter downloadable interaction dataset,https://ddinter.scbdd.com/download/,Downloaded 2026-09-30,dataset_imported_not_independently_clinically_reviewed,,,,CC BY-NC-SA 4.0; noncommercial use only
DDINTER-DDInter1164-DDInter1513,DDI,Metformin|Prednisolone,MODERATE,DDInter lists this pair at risk level Moderate.,,,DDInter downloadable interaction dataset,https://ddinter.scbdd.com/download/,Downloaded 2026-09-30,dataset_imported_not_independently_clinically_reviewed,,,,CC BY-NC-SA 4.0; noncommercial use only
DDINTER-DDInter1164-DDInter157,DDI,Azithromycin|Metformin,UNSPECIFIED,DDInter lists this pair at risk level Unknown.,,,DDInter downloadable interaction dataset,https://ddinter.scbdd.com/download/,Downloaded 2026-09-30,dataset_imported_not_independently_clinically_reviewed,,,,CC BY-NC-SA 4.0; noncommercial use only
DDINTER-DDInter1164-DDInter1662,DDI,Metformin|Sertraline,UNSPECIFIED,DDInter lists this pair at risk level Unknown.,,,DDInter downloadable interaction dataset,https://ddinter.scbdd.com/download/,Downloaded 2026-09-30,dataset_imported_not_independently_clinically_reviewed,,,,CC BY-NC-SA 4.0; noncommercial use only
DDINTER-DDInter1164-DDInter1675,DDI,Metformin|Simvastatin,UNSPECIFIED,DDInter lists this pair at risk level Unknown.,,,DDInter downloadable interaction dataset,https://ddinter.scbdd.com/download/,Downloaded 2026-09-30,dataset_imported_not_independently_clinically_reviewed,,,,CC BY-NC-SA 4.0; noncommercial use only
DDINTER-DDInter1164-DDInter1707,DDI,Metformin|Spironolactone,MODERATE,DDInter lists this pair at risk level Moderate.,,,DDInter downloadable interaction dataset,https://ddinter.scbdd.com/download/,Downloaded 2026-09-30,dataset_imported_not_independently_clinically_reviewed,,,,CC BY-NC-SA 4.0; noncommercial use only
DDINTER-DDInter1164-DDInter1841,DDI,Tramadol|Metformin,UNSPECIFIED,DDInter lists this pair at risk level Unknown.,,,DDInter downloadable interaction dataset,https://ddinter.scbdd.com/download/,Downloaded 2026-09-30,dataset_imported_not_independently_clinically_reviewed,,,,CC BY-NC-SA 4.0; noncommercial use only
DDINTER-DDInter1164-DDInter1951,DDI,Metformin|Warfarin,MODERATE,DDInter lists this pair at risk level Moderate.,,,DDInter downloadable interaction dataset,https://ddinter.scbdd.com/download/,Downloaded 2026-09-30,dataset_imported_not_independently_clinically_reviewed,,,,CC BY-NC-SA 4.0; noncommercial use only
DDINTER-DDInter1164-DDInter20,DDI,Metformin|Acetylsalicylic acid,UNSPECIFIED,DDInter lists this pair at risk level Unknown.,,,DDInter downloadable interaction dataset,https://ddinter.scbdd.com/download/,Downloaded 2026-09-30,dataset_imported_not_independently_clinically_reviewed,,,,CC BY-NC-SA 4.0; noncommercial use only
DDINTER-DDInter1164-DDInter293,DDI,Metformin|Carbamazepine,UNSPECIFIED,DDInter lists this pair at risk level Unknown.,,,DDInter downloadable interaction dataset,https://ddinter.scbdd.com/download/,Downloaded 2026-09-30,dataset_imported_not_independently_clinically_reviewed,,,,CC BY-NC-SA 4.0; noncommercial use only
DDINTER-DDInter1164-DDInter384,DDI,Metformin|Ciprofloxacin,MODERATE,DDInter lists this pair at risk level Moderate.,,,DDInter downloadable interaction dataset,https://ddinter.scbdd.com/download/,Downloaded 2026-09-30,dataset_imported_not_independently_clinically_reviewed,,,,CC BY-NC-SA 4.0; noncommercial use only
DDINTER-DDInter1164-DDInter393,DDI,Metformin|Clarithromycin,MODERATE,DDInter lists this pair at risk level Moderate.,,,DDInter downloadable interaction dataset,https://ddinter.scbdd.com/download/,Downloaded 2026-09-30,dataset_imported_not_independently_clinically_reviewed,,,,CC BY-NC-SA 4.0; noncommercial use only
DDINTER-DDInter1164-DDInter413,DDI,Metformin|Clopidogrel,UNSPECIFIED,DDInter lists this pair at risk level Unknown.,,,DDInter downloadable interaction dataset,https://ddinter.scbdd.com/download/,Downloaded 2026-09-30,dataset_imported_not_independently_clinically_reviewed,,,,CC BY-NC-SA 4.0; noncommercial use only
DDINTER-DDInter1164-DDInter534,DDI,Metformin|Diazepam,UNSPECIFIED,DDInter lists this pair at risk level Unknown.,,,DDInter downloadable interaction dataset,https://ddinter.scbdd.com/download/,Downloaded 2026-09-30,dataset_imported_not_independently_clinically_reviewed,,,,CC BY-NC-SA 4.0; noncommercial use only
DDINTER-DDInter1164-DDInter554,DDI,Metformin|Digoxin,MODERATE,DDInter lists this pair at risk level Moderate.,,,DDInter downloadable interaction dataset,https://ddinter.scbdd.com/download/,Downloaded 2026-09-30,dataset_imported_not_independently_clinically_reviewed,,,,CC BY-NC-SA 4.0; noncommercial use only
DDINTER-DDInter1164-DDInter598,DDI,Doxycycline|Metformin,UNSPECIFIED,DDInter lists this pair at risk level Unknown.,,,DDInter downloadable interaction dataset,https://ddinter.scbdd.com/download/,Downloaded 2026-09-30,dataset_imported_not_independently_clinically_reviewed,,,,CC BY-NC-SA 4.0; noncommercial use only
DDINTER-DDInter1164-DDInter743,DDI,Fluconazole|Metformin,UNSPECIFIED,DDInter lists this pair at risk level Unknown.,,,DDInter downloadable interaction dataset,https://ddinter.scbdd.com/download/,Downloaded 2026-09-30,dataset_imported_not_independently_clinically_reviewed,,,,CC BY-NC-SA 4.0; noncommercial use only
DDINTER-DDInter1164-DDInter790,DDI,Metformin|Furosemide,MODERATE,DDInter lists this pair at risk level Moderate.,,,DDInter downloadable interaction dataset,https://ddinter.scbdd.com/download/,Downloaded 2026-09-30,dataset_imported_not_independently_clinically_reviewed,,,,CC BY-NC-SA 4.0; noncommercial use only
DDINTER-DDInter1164-DDInter83,DDI,Metformin|Amoxicillin,UNSPECIFIED,DDInter lists this pair at risk level Unknown.,,,DDInter downloadable interaction dataset,https://ddinter.scbdd.com/download/,Downloaded 2026-09-30,dataset_imported_not_independently_clinically_reviewed,,,,CC BY-NC-SA 4.0; noncommercial use only
DDINTER-DDInter1164-DDInter900,DDI,Metformin|Ibuprofen,MODERATE,DDInter lists this pair at risk level Moderate.,,,DDInter downloadable interaction dataset,https://ddinter.scbdd.com/download/,Downloaded 2026-09-30,dataset_imported_not_independently_clinically_reviewed,,,,CC BY-NC-SA 4.0; noncommercial use only
DDINTER-DDInter133-DDInter1340,DDI,Omeprazole|Atorvastatin,MODERATE,DDInter lists this pair at risk level Moderate.,,,DDInter downloadable interaction dataset,https://ddinter.scbdd.com/download/,Downloaded 2026-09-30,dataset_imported_not_independently_clinically_reviewed,,,,CC BY-NC-SA 4.0; noncommercial use only
DDINTER-DDInter133-DDInter1388,DDI,Pantoprazole|Atorvastatin,MODERATE,DDInter lists this pair at risk level Moderate.,,,DDInter downloadable interaction dataset,https://ddinter.scbdd.com/download/,Downloaded 2026-09-30,dataset_imported_not_independently_clinically_reviewed,,,,CC BY-NC-SA 4.0; noncommercial use only
DDINTER-DDInter133-DDInter1497,DDI,Potassium chloride|Atorvastatin,UNSPECIFIED,DDInter lists this pair at risk level Unknown.,,,DDInter downloadable interaction dataset,https://ddinter.scbdd.com/download/,Downloaded 2026-09-30,dataset_imported_not_independently_clinically_reviewed,,,,CC BY-NC-SA 4.0; noncommercial use only
DDINTER-DDInter133-DDInter1513,DDI,Prednisolone|Atorvastatin,UNSPECIFIED,DDInter lists this pair at risk level Unknown.,,,DDInter downloadable interaction dataset,https://ddinter.scbdd.com/download/,Downloaded 2026-09-30,dataset_imported_not_independently_clinically_reviewed,,,,CC BY-NC-SA 4.0; noncommercial use only
DDINTER-DDInter133-DDInter1675,DDI,Simvastatin|Atorvastatin,MODERATE,DDInter lists this pair at risk level Moderate.,,,DDInter downloadable interaction dataset,https://ddinter.scbdd.com/download/,Downloaded 2026-09-30,dataset_imported_not_independently_clinically_reviewed,,,,CC BY-NC-SA 4.0; noncommercial use only
DDINTER-DDInter133-DDInter1951,DDI,Warfarin|Atorvastatin,MINOR,DDInter lists this pair at risk level Minor.,,,DDInter downloadable interaction dataset,https://ddinter.scbdd.com/download/,Downloaded 2026-09-30,dataset_imported_not_independently_clinically_reviewed,,,,CC BY-NC-SA 4.0; noncommercial use only
DDINTER-DDInter133-DDInter20,DDI,Acetylsalicylic acid|Atorvastatin,UNSPECIFIED,DDInter lists this pair at risk level Unknown.,,,DDInter downloadable interaction dataset,https://ddinter.scbdd.com/download/,Downloaded 2026-09-30,dataset_imported_not_independently_clinically_reviewed,,,,CC BY-NC-SA 4.0; noncommercial use only
DDINTER-DDInter133-DDInter393,DDI,Atorvastatin|Clarithromycin,MAJOR,DDInter lists this pair at risk level Major.,,,DDInter downloadable interaction dataset,https://ddinter.scbdd.com/download/,Downloaded 2026-09-30,dataset_imported_not_independently_clinically_reviewed,,,,CC BY-NC-SA 4.0; noncommercial use only
DDINTER-DDInter133-DDInter413,DDI,Clopidogrel|Atorvastatin,MODERATE,DDInter lists this pair at risk level Moderate.,,,DDInter downloadable interaction dataset,https://ddinter.scbdd.com/download/,Downloaded 2026-09-30,dataset_imported_not_independently_clinically_reviewed,,,,CC BY-NC-SA 4.0; noncommercial use only
DDINTER-DDInter133-DDInter598,DDI,Doxycycline|Atorvastatin,UNSPECIFIED,DDInter lists this pair at risk level Unknown.,,,DDInter downloadable interaction dataset,https://ddinter.scbdd.com/download/,Downloaded 2026-09-30,dataset_imported_not_independently_clinically_reviewed,,,,CC BY-NC-SA 4.0; noncommercial use only
DDINTER-DDInter133-DDInter743,DDI,Fluconazole|Atorvastatin,MAJOR,DDInter lists this pair at risk level Major.,,,DDInter downloadable interaction dataset,https://ddinter.scbdd.com/download/,Downloaded 2026-09-30,dataset_imported_not_independently_clinically_reviewed,,,,CC BY-NC-SA 4.0; noncommercial use only
DDINTER-DDInter133-DDInter83,DDI,Amoxicillin|Atorvastatin,UNSPECIFIED,DDInter lists this pair at risk level Unknown.,,,DDInter downloadable interaction dataset,https://ddinter.scbdd.com/download/,Downloaded 2026-09-30,dataset_imported_not_independently_clinically_reviewed,,,,CC BY-NC-SA 4.0; noncommercial use only
DDINTER-DDInter133-DDInter900,DDI,Ibuprofen|Atorvastatin,UNSPECIFIED,DDInter lists this pair at risk level Unknown.,,,DDInter downloadable interaction dataset,https://ddinter.scbdd.com/download/,Downloaded 2026-09-30,dataset_imported_not_independently_clinically_reviewed,,,,CC BY-NC-SA 4.0; noncommercial use only
DDINTER-DDInter1340-DDInter1388,DDI,Pantoprazole|Omeprazole,UNSPECIFIED,DDInter lists this pair at risk level Unknown.,,,DDInter downloadable interaction dataset,https://ddinter.scbdd.com/download/,Downloaded 2026-09-30,dataset_imported_not_independently_clinically_reviewed,,,,CC BY-NC-SA 4.0; noncommercial use only
DDINTER-DDInter1340-DDInter14,DDI,Acetaminophen|Omeprazole,UNSPECIFIED,DDInter lists this pair at risk level Unknown.,,,DDInter downloadable interaction dataset,https://ddinter.scbdd.com/download/,Downloaded 2026-09-30,dataset_imported_not_independently_clinically_reviewed,,,,CC BY-NC-SA 4.0; noncommercial use only
DDINTER-DDInter1340-DDInter1460,DDI,Phenytoin|Omeprazole,MODERATE,DDInter lists this pair at risk level Moderate.,,,DDInter downloadable interaction dataset,https://ddinter.scbdd.com/download/,Downloaded 2026-09-30,dataset_imported_not_independently_clinically_reviewed,,,,CC BY-NC-SA 4.0; noncommercial use only
DDINTER-DDInter1340-DDInter1497,DDI,Omeprazole|Potassium chloride,UNSPECIFIED,DDInter lists this pair at risk level Unknown.,,,DDInter downloadable interaction dataset,https://ddinter.scbdd.com/download/,Downloaded 2026-09-30,dataset_imported_not_independently_clinically_reviewed,,,,CC BY-NC-SA 4.0; noncommercial use only
DDINTER-DDInter1340-DDInter1513,DDI,Omeprazole|Prednisolone,UNSPECIFIED,DDInter lists this pair at risk level Unknown.,,,DDInter downloadable interaction dataset,https://ddinter.scbdd.com/download/,Downloaded 2026-09-30,dataset_imported_not_independently_clinically_reviewed,,,,CC BY-NC-SA 4.0; noncommercial use only
DDINTER-DDInter1340-DDInter157,DDI,Azithromycin|Omeprazole,UNSPECIFIED,DDInter lists this pair at risk level Unknown.,,,DDInter downloadable interaction dataset,https://ddinter.scbdd.com/download/,Downloaded 2026-09-30,dataset_imported_not_independently_clinically_reviewed,,,,CC BY-NC-SA 4.0; noncommercial use only
DDINTER-DDInter1340-DDInter1662,DDI,Omeprazole|Sertraline,UNSPECIFIED,DDInter lists this pair at risk level Unknown.,,,DDInter downloadable interaction dataset,https://ddinter.scbdd.com/download/,Downloaded 2026-09-30,dataset_imported_not_independently_clinically_reviewed,,,,CC BY-NC-SA 4.0; noncommercial use only
DDINTER-DDInter1340-DDInter1675,DDI,Omeprazole|Simvastatin,MODERATE,DDInter lists this pair at risk level Moderate.,,,DDInter downloadable interaction dataset,https://ddinter.scbdd.com/download/,Downloaded 2026-09-30,dataset_imported_not_independently_clinically_reviewed,,,,CC BY-NC-SA 4.0; noncommercial use only
DDINTER-DDInter1340-DDInter1707,DDI,Omeprazole|Spironolactone,UNSPECIFIED,DDInter lists this pair at risk level Unknown.,,,DDInter downloadable interaction dataset,https://ddinter.scbdd.com/download/,Downloaded 2026-09-30,dataset_imported_not_independently_clinically_reviewed,,,,CC BY-NC-SA 4.0; noncommercial use only
DDINTER-DDInter1340-DDInter1841,DDI,Tramadol|Omeprazole,UNSPECIFIED,DDInter lists this pair at risk level Unknown.,,,DDInter downloadable interaction dataset,https://ddinter.scbdd.com/download/,Downloaded 2026-09-30,dataset_imported_not_independently_clinically_reviewed,,,,CC BY-NC-SA 4.0; noncommercial use only
DDINTER-DDInter1340-DDInter1951,DDI,Omeprazole|Warfarin,MODERATE,DDInter lists this pair at risk level Moderate.,,,DDInter downloadable interaction dataset,https://ddinter.scbdd.com/download/,Downloaded 2026-09-30,dataset_imported_not_independently_clinically_reviewed,,,,CC BY-NC-SA 4.0; noncommercial use only
DDINTER-DDInter1340-DDInter20,DDI,Omeprazole|Acetylsalicylic acid,MINOR,DDInter lists this pair at risk level Minor.,,,DDInter downloadable interaction dataset,https://ddinter.scbdd.com/download/,Downloaded 2026-09-30,dataset_imported_not_independently_clinically_reviewed,,,,CC BY-NC-SA 4.0; noncommercial use only
DDINTER-DDInter1340-DDInter293,DDI,Omeprazole|Carbamazepine,UNSPECIFIED,DDInter lists this pair at risk level Unknown.,,,DDInter downloadable interaction dataset,https://ddinter.scbdd.com/download/,Downloaded 2026-09-30,dataset_imported_not_independently_clinically_reviewed,,,,CC BY-NC-SA 4.0; noncommercial use only
DDINTER-DDInter1340-DDInter384,DDI,Omeprazole|Ciprofloxacin,MINOR,DDInter lists this pair at risk level Minor.,,,DDInter downloadable interaction dataset,https://ddinter.scbdd.com/download/,Downloaded 2026-09-30,dataset_imported_not_independently_clinically_reviewed,,,,CC BY-NC-SA 4.0; noncommercial use only
DDINTER-DDInter1340-DDInter393,DDI,Omeprazole|Clarithromycin,MINOR,DDInter lists this pair at risk level Minor.,,,DDInter downloadable interaction dataset,https://ddinter.scbdd.com/download/,Downloaded 2026-09-30,dataset_imported_not_independently_clinically_reviewed,,,,CC BY-NC-SA 4.0; noncommercial use only
DDINTER-DDInter1340-DDInter413,DDI,Omeprazole|Clopidogrel,MAJOR,DDInter lists this pair at risk level Major.,,,DDInter downloadable interaction dataset,https://ddinter.scbdd.com/download/,Downloaded 2026-09-30,dataset_imported_not_independently_clinically_reviewed,,,,CC BY-NC-SA 4.0; noncommercial use only
DDINTER-DDInter1340-DDInter534,DDI,Omeprazole|Diazepam,MODERATE,DDInter lists this pair at risk level Moderate.,,,DDInter downloadable interaction dataset,https://ddinter.scbdd.com/download/,Downloaded 2026-09-30,dataset_imported_not_independently_clinically_reviewed,,,,CC BY-NC-SA 4.0; noncommercial use only
DDINTER-DDInter1340-DDInter554,DDI,Omeprazole|Digoxin,MODERATE,DDInter lists this pair at risk level Moderate.,,,DDInter downloadable interaction dataset,https://ddinter.scbdd.com/download/,Downloaded 2026-09-30,dataset_imported_not_independently_clinically_reviewed,,,,CC BY-NC-SA 4.0; noncommercial use only
DDINTER-DDInter1340-DDInter598,DDI,Doxycycline|Omeprazole,UNSPECIFIED,DDInter lists this pair at risk level Unknown.,,,DDInter downloadable interaction dataset,https://ddinter.scbdd.com/download/,Downloaded 2026-09-30,dataset_imported_not_independently_clinically_reviewed,,,,CC BY-NC-SA 4.0; noncommercial use only
DDINTER-DDInter1340-DDInter743,DDI,Fluconazole|Omeprazole,MODERATE,DDInter lists this pair at risk level Moderate.,,,DDInter downloadable interaction dataset,https://ddinter.scbdd.com/download/,Downloaded 2026-09-30,dataset_imported_not_independently_clinically_reviewed,,,,CC BY-NC-SA 4.0; noncommercial use only
DDINTER-DDInter1340-DDInter790,DDI,Omeprazole|Furosemide,MODERATE,DDInter lists this pair at risk level Moderate.,,,DDInter downloadable interaction dataset,https://ddinter.scbdd.com/download/,Downloaded 2026-09-30,dataset_imported_not_independently_clinically_reviewed,,,,CC BY-NC-SA 4.0; noncommercial use only
DDINTER-DDInter1340-DDInter83,DDI,Omeprazole|Amoxicillin,UNSPECIFIED,DDInter lists this pair at risk level Unknown.,,,DDInter downloadable interaction dataset,https://ddinter.scbdd.com/download/,Downloaded 2026-09-30,dataset_imported_not_independently_clinically_reviewed,,,,CC BY-NC-SA 4.0; noncommercial use only
DDINTER-DDInter1340-DDInter900,DDI,Omeprazole|Ibuprofen,UNSPECIFIED,DDInter lists this pair at risk level Unknown.,,,DDInter downloadable interaction dataset,https://ddinter.scbdd.com/download/,Downloaded 2026-09-30,dataset_imported_not_independently_clinically_reviewed,,,,CC BY-NC-SA 4.0; noncommercial use only
DDINTER-DDInter1388-DDInter14,DDI,Pantoprazole|Acetaminophen,UNSPECIFIED,DDInter lists this pair at risk level Unknown.,,,DDInter downloadable interaction dataset,https://ddinter.scbdd.com/download/,Downloaded 2026-09-30,dataset_imported_not_independently_clinically_reviewed,,,,CC BY-NC-SA 4.0; noncommercial use only
DDINTER-DDInter1388-DDInter1460,DDI,Pantoprazole|Phenytoin,UNSPECIFIED,DDInter lists this pair at risk level Unknown.,,,DDInter downloadable interaction dataset,https://ddinter.scbdd.com/download/,Downloaded 2026-09-30,dataset_imported_not_independently_clinically_reviewed,,,,CC BY-NC-SA 4.0; noncommercial use only
DDINTER-DDInter1388-DDInter1497,DDI,Pantoprazole|Potassium chloride,UNSPECIFIED,DDInter lists this pair at risk level Unknown.,,,DDInter downloadable interaction dataset,https://ddinter.scbdd.com/download/,Downloaded 2026-09-30,dataset_imported_not_independently_clinically_reviewed,,,,CC BY-NC-SA 4.0; noncommercial use only
DDINTER-DDInter1388-DDInter1513,DDI,Pantoprazole|Prednisolone,UNSPECIFIED,DDInter lists this pair at risk level Unknown.,,,DDInter downloadable interaction dataset,https://ddinter.scbdd.com/download/,Downloaded 2026-09-30,dataset_imported_not_independently_clinically_reviewed,,,,CC BY-NC-SA 4.0; noncommercial use only
DDINTER-DDInter1388-DDInter157,DDI,Azithromycin|Pantoprazole,UNSPECIFIED,DDInter lists this pair at risk level Unknown.,,,DDInter downloadable interaction dataset,https://ddinter.scbdd.com/download/,Downloaded 2026-09-30,dataset_imported_not_independently_clinically_reviewed,,,,CC BY-NC-SA 4.0; noncommercial use only
DDINTER-DDInter1388-DDInter1662,DDI,Pantoprazole|Sertraline,UNSPECIFIED,DDInter lists this pair at risk level Unknown.,,,DDInter downloadable interaction dataset,https://ddinter.scbdd.com/download/,Downloaded 2026-09-30,dataset_imported_not_independently_clinically_reviewed,,,,CC BY-NC-SA 4.0; noncommercial use only
DDINTER-DDInter1388-DDInter1675,DDI,Pantoprazole|Simvastatin,MODERATE,DDInter lists this pair at risk level Moderate.,,,DDInter downloadable interaction dataset,https://ddinter.scbdd.com/download/,Downloaded 2026-09-30,dataset_imported_not_independently_clinically_reviewed,,,,CC BY-NC-SA 4.0; noncommercial use only
DDINTER-DDInter1388-DDInter1707,DDI,Pantoprazole|Spironolactone,UNSPECIFIED,DDInter lists this pair at risk level Unknown.,,,DDInter downloadable interaction dataset,https://ddinter.scbdd.com/download/,Downloaded 2026-09-30,dataset_imported_not_independently_clinically_reviewed,,,,CC BY-NC-SA 4.0; noncommercial use only
DDINTER-DDInter1388-DDInter1841,DDI,Tramadol|Pantoprazole,UNSPECIFIED,DDInter lists this pair at risk level Unknown.,,,DDInter downloadable interaction dataset,https://ddinter.scbdd.com/download/,Downloaded 2026-09-30,dataset_imported_not_independently_clinically_reviewed,,,,CC BY-NC-SA 4.0; noncommercial use only
DDINTER-DDInter1388-DDInter1951,DDI,Pantoprazole|Warfarin,MODERATE,DDInter lists this pair at risk level Moderate.,,,DDInter downloadable interaction dataset,https://ddinter.scbdd.com/download/,Downloaded 2026-09-30,dataset_imported_not_independently_clinically_reviewed,,,,CC BY-NC-SA 4.0; noncommercial use only
DDINTER-DDInter1388-DDInter20,DDI,Pantoprazole|Acetylsalicylic acid,MINOR,DDInter lists this pair at risk level Minor.,,,DDInter downloadable interaction dataset,https://ddinter.scbdd.com/download/,Downloaded 2026-09-30,dataset_imported_not_independently_clinically_reviewed,,,,CC BY-NC-SA 4.0; noncommercial use only
DDINTER-DDInter1388-DDInter293,DDI,Pantoprazole|Carbamazepine,UNSPECIFIED,DDInter lists this pair at risk level Unknown.,,,DDInter downloadable interaction dataset,https://ddinter.scbdd.com/download/,Downloaded 2026-09-30,dataset_imported_not_independently_clinically_reviewed,,,,CC BY-NC-SA 4.0; noncommercial use only
DDINTER-DDInter1388-DDInter384,DDI,Pantoprazole|Ciprofloxacin,UNSPECIFIED,DDInter lists this pair at risk level Unknown.,,,DDInter downloadable interaction dataset,https://ddinter.scbdd.com/download/,Downloaded 2026-09-30,dataset_imported_not_independently_clinically_reviewed,,,,CC BY-NC-SA 4.0; noncommercial use only
DDINTER-DDInter1388-DDInter393,DDI,Pantoprazole|Clarithromycin,UNSPECIFIED,DDInter lists this pair at risk level Unknown.,,,DDInter downloadable interaction dataset,https://ddinter.scbdd.com/download/,Downloaded 2026-09-30,dataset_imported_not_independently_clinically_reviewed,,,,CC BY-NC-SA 4.0; noncommercial use only
DDINTER-DDInter1388-DDInter413,DDI,Pantoprazole|Clopidogrel,MODERATE,DDInter lists this pair at risk level Moderate.,,,DDInter downloadable interaction dataset,https://ddinter.scbdd.com/download/,Downloaded 2026-09-30,dataset_imported_not_independently_clinically_reviewed,,,,CC BY-NC-SA 4.0; noncommercial use only
DDINTER-DDInter1388-DDInter534,DDI,Pantoprazole|Diazepam,UNSPECIFIED,DDInter lists this pair at risk level Unknown.,,,DDInter downloadable interaction dataset,https://ddinter.scbdd.com/download/,Downloaded 2026-09-30,dataset_imported_not_independently_clinically_reviewed,,,,CC BY-NC-SA 4.0; noncommercial use only
DDINTER-DDInter1388-DDInter554,DDI,Pantoprazole|Digoxin,MODERATE,DDInter lists this pair at risk level Moderate.,,,DDInter downloadable interaction dataset,https://ddinter.scbdd.com/download/,Downloaded 2026-09-30,dataset_imported_not_independently_clinically_reviewed,,,,CC BY-NC-SA 4.0; noncommercial use only
DDINTER-DDInter1388-DDInter598,DDI,Pantoprazole|Doxycycline,UNSPECIFIED,DDInter lists this pair at risk level Unknown.,,,DDInter downloadable interaction dataset,https://ddinter.scbdd.com/download/,Downloaded 2026-09-30,dataset_imported_not_independently_clinically_reviewed,,,,CC BY-NC-SA 4.0; noncommercial use only
DDINTER-DDInter1388-DDInter743,DDI,Fluconazole|Pantoprazole,MODERATE,DDInter lists this pair at risk level Moderate.,,,DDInter downloadable interaction dataset,https://ddinter.scbdd.com/download/,Downloaded 2026-09-30,dataset_imported_not_independently_clinically_reviewed,,,,CC BY-NC-SA 4.0; noncommercial use only
DDINTER-DDInter1388-DDInter790,DDI,Pantoprazole|Furosemide,MODERATE,DDInter lists this pair at risk level Moderate.,,,DDInter downloadable interaction dataset,https://ddinter.scbdd.com/download/,Downloaded 2026-09-30,dataset_imported_not_independently_clinically_reviewed,,,,CC BY-NC-SA 4.0; noncommercial use only
DDINTER-DDInter1388-DDInter83,DDI,Pantoprazole|Amoxicillin,UNSPECIFIED,DDInter lists this pair at risk level Unknown.,,,DDInter downloadable interaction dataset,https://ddinter.scbdd.com/download/,Downloaded 2026-09-30,dataset_imported_not_independently_clinically_reviewed,,,,CC BY-NC-SA 4.0; noncommercial use only
DDINTER-DDInter1388-DDInter900,DDI,Pantoprazole|Ibuprofen,UNSPECIFIED,DDInter lists this pair at risk level Unknown.,,,DDInter downloadable interaction dataset,https://ddinter.scbdd.com/download/,Downloaded 2026-09-30,dataset_imported_not_independently_clinically_reviewed,,,,CC BY-NC-SA 4.0; noncommercial use only
DDINTER-DDInter14-DDInter1497,DDI,Acetaminophen|Potassium chloride,UNSPECIFIED,DDInter lists this pair at risk level Unknown.,,,DDInter downloadable interaction dataset,https://ddinter.scbdd.com/download/,Downloaded 2026-09-30,dataset_imported_not_independently_clinically_reviewed,,,,CC BY-NC-SA 4.0; noncommercial use only
DDINTER-DDInter14-DDInter1513,DDI,Acetaminophen|Prednisolone,UNSPECIFIED,DDInter lists this pair at risk level Unknown.,,,DDInter downloadable interaction dataset,https://ddinter.scbdd.com/download/,Downloaded 2026-09-30,dataset_imported_not_independently_clinically_reviewed,,,,CC BY-NC-SA 4.0; noncommercial use only
DDINTER-DDInter14-DDInter1675,DDI,Acetaminophen|Simvastatin,UNSPECIFIED,DDInter lists this pair at risk level Unknown.,,,DDInter downloadable interaction dataset,https://ddinter.scbdd.com/download/,Downloaded 2026-09-30,dataset_imported_not_independently_clinically_reviewed,,,,CC BY-NC-SA 4.0; noncommercial use only
DDINTER-DDInter14-DDInter1951,DDI,Acetaminophen|Warfarin,MODERATE,DDInter lists this pair at risk level Moderate.,,,DDInter downloadable interaction dataset,https://ddinter.scbdd.com/download/,Downloaded 2026-09-30,dataset_imported_not_independently_clinically_reviewed,,,,CC BY-NC-SA 4.0; noncommercial use only
DDINTER-DDInter14-DDInter20,DDI,Acetaminophen|Acetylsalicylic acid,UNSPECIFIED,DDInter lists this pair at risk level Unknown.,,,DDInter downloadable interaction dataset,https://ddinter.scbdd.com/download/,Downloaded 2026-09-30,dataset_imported_not_independently_clinically_reviewed,,,,CC BY-NC-SA 4.0; noncommercial use only
DDINTER-DDInter14-DDInter393,DDI,Acetaminophen|Clarithromycin,UNSPECIFIED,DDInter lists this pair at risk level Unknown.,,,DDInter downloadable interaction dataset,https://ddinter.scbdd.com/download/,Downloaded 2026-09-30,dataset_imported_not_independently_clinically_reviewed,,,,CC BY-NC-SA 4.0; noncommercial use only
DDINTER-DDInter14-DDInter413,DDI,Acetaminophen|Clopidogrel,UNSPECIFIED,DDInter lists this pair at risk level Unknown.,,,DDInter downloadable interaction dataset,https://ddinter.scbdd.com/download/,Downloaded 2026-09-30,dataset_imported_not_independently_clinically_reviewed,,,,CC BY-NC-SA 4.0; noncommercial use only
DDINTER-DDInter14-DDInter598,DDI,Doxycycline|Acetaminophen,UNSPECIFIED,DDInter lists this pair at risk level Unknown.,,,DDInter downloadable interaction dataset,https://ddinter.scbdd.com/download/,Downloaded 2026-09-30,dataset_imported_not_independently_clinically_reviewed,,,,CC BY-NC-SA 4.0; noncommercial use only
DDINTER-DDInter14-DDInter743,DDI,Fluconazole|Acetaminophen,UNSPECIFIED,DDInter lists this pair at risk level Unknown.,,,DDInter downloadable interaction dataset,https://ddinter.scbdd.com/download/,Downloaded 2026-09-30,dataset_imported_not_independently_clinically_reviewed,,,,CC BY-NC-SA 4.0; noncommercial use only
DDINTER-DDInter14-DDInter83,DDI,Acetaminophen|Amoxicillin,UNSPECIFIED,DDInter lists this pair at risk level Unknown.,,,DDInter downloadable interaction dataset,https://ddinter.scbdd.com/download/,Downloaded 2026-09-30,dataset_imported_not_independently_clinically_reviewed,,,,CC BY-NC-SA 4.0; noncommercial use only
DDINTER-DDInter14-DDInter900,DDI,Acetaminophen|Ibuprofen,UNSPECIFIED,DDInter lists this pair at risk level Unknown.,,,DDInter downloadable interaction dataset,https://ddinter.scbdd.com/download/,Downloaded 2026-09-30,dataset_imported_not_independently_clinically_reviewed,,,,CC BY-NC-SA 4.0; noncommercial use only
DDINTER-DDInter1460-DDInter1497,DDI,Phenytoin|Potassium chloride,UNSPECIFIED,DDInter lists this pair at risk level Unknown.,,,DDInter downloadable interaction dataset,https://ddinter.scbdd.com/download/,Downloaded 2026-09-30,dataset_imported_not_independently_clinically_reviewed,,,,CC BY-NC-SA 4.0; noncommercial use only
DDINTER-DDInter1460-DDInter1513,DDI,Phenytoin|Prednisolone,MODERATE,DDInter lists this pair at risk level Moderate.,,,DDInter downloadable interaction dataset,https://ddinter.scbdd.com/download/,Downloaded 2026-09-30,dataset_imported_not_independently_clinically_reviewed,,,,CC BY-NC-SA 4.0; noncommercial use only
DDINTER-DDInter1460-DDInter1675,DDI,Phenytoin|Simvastatin,UNSPECIFIED,DDInter lists this pair at risk level Unknown.,,,DDInter downloadable interaction dataset,https://ddinter.scbdd.com/download/,Downloaded 2026-09-30,dataset_imported_not_independently_clinically_reviewed,,,,CC BY-NC-SA 4.0; noncommercial use only
DDINTER-DDInter1460-DDInter1951,DDI,Phenytoin|Warfarin,MODERATE,DDInter lists this pair at risk level Moderate.,,,DDInter downloadable interaction dataset,https://ddinter.scbdd.com/download/,Downloaded 2026-09-30,dataset_imported_not_independently_clinically_reviewed,,,,CC BY-NC-SA 4.0; noncommercial use only
DDINTER-DDInter1460-DDInter20,DDI,Phenytoin|Acetylsalicylic acid,MINOR,DDInter lists this pair at risk level Minor.,,,DDInter downloadable interaction dataset,https://ddinter.scbdd.com/download/,Downloaded 2026-09-30,dataset_imported_not_independently_clinically_reviewed,,,,CC BY-NC-SA 4.0; noncommercial use only
DDINTER-DDInter1460-DDInter393,DDI,Phenytoin|Clarithromycin,MODERATE,DDInter lists this pair at risk level Moderate.,,,DDInter downloadable interaction dataset,https://ddinter.scbdd.com/download/,Downloaded 2026-09-30,dataset_imported_not_independently_clinically_reviewed,,,,CC BY-NC-SA 4.0; noncommercial use only
DDINTER-DDInter1460-DDInter413,DDI,Phenytoin|Clopidogrel,MINOR,DDInter lists this pair at risk level Minor.,,,DDInter downloadable interaction dataset,https://ddinter.scbdd.com/download/,Downloaded 2026-09-30,dataset_imported_not_independently_clinically_reviewed,,,,CC BY-NC-SA 4.0; noncommercial use only
DDINTER-DDInter1460-DDInter429,DDI,Phenytoin|Codeine,MODERATE,DDInter lists this pair at risk level Moderate.,,,DDInter downloadable interaction dataset,https://ddinter.scbdd.com/download/,Downloaded 2026-09-30,dataset_imported_not_independently_clinically_reviewed,,,,CC BY-NC-SA 4.0; noncommercial use only
DDINTER-DDInter1460-DDInter598,DDI,Phenytoin|Doxycycline,MODERATE,DDInter lists this pair at risk level Moderate.,,,DDInter downloadable interaction dataset,https://ddinter.scbdd.com/download/,Downloaded 2026-09-30,dataset_imported_not_independently_clinically_reviewed,,,,CC BY-NC-SA 4.0; noncommercial use only
DDINTER-DDInter1460-DDInter743,DDI,Fluconazole|Phenytoin,MAJOR,DDInter lists this pair at risk level Major.,,,DDInter downloadable interaction dataset,https://ddinter.scbdd.com/download/,Downloaded 2026-09-30,dataset_imported_not_independently_clinically_reviewed,,,,CC BY-NC-SA 4.0; noncommercial use only
DDINTER-DDInter1460-DDInter83,DDI,Phenytoin|Amoxicillin,UNSPECIFIED,DDInter lists this pair at risk level Unknown.,,,DDInter downloadable interaction dataset,https://ddinter.scbdd.com/download/,Downloaded 2026-09-30,dataset_imported_not_independently_clinically_reviewed,,,,CC BY-NC-SA 4.0; noncommercial use only
DDINTER-DDInter1460-DDInter900,DDI,Phenytoin|Ibuprofen,MINOR,DDInter lists this pair at risk level Minor.,,,DDInter downloadable interaction dataset,https://ddinter.scbdd.com/download/,Downloaded 2026-09-30,dataset_imported_not_independently_clinically_reviewed,,,,CC BY-NC-SA 4.0; noncommercial use only
DDINTER-DDInter1497-DDInter1513,DDI,Potassium chloride|Prednisolone,UNSPECIFIED,DDInter lists this pair at risk level Unknown.,,,DDInter downloadable interaction dataset,https://ddinter.scbdd.com/download/,Downloaded 2026-09-30,dataset_imported_not_independently_clinically_reviewed,,,,CC BY-NC-SA 4.0; noncommercial use only
DDINTER-DDInter1497-DDInter157,DDI,Azithromycin|Potassium chloride,UNSPECIFIED,DDInter lists this pair at risk level Unknown.,,,DDInter downloadable interaction dataset,https://ddinter.scbdd.com/download/,Downloaded 2026-09-30,dataset_imported_not_independently_clinically_reviewed,,,,CC BY-NC-SA 4.0; noncommercial use only
DDINTER-DDInter1497-DDInter1662,DDI,Potassium chloride|Sertraline,UNSPECIFIED,DDInter lists this pair at risk level Unknown.,,,DDInter downloadable interaction dataset,https://ddinter.scbdd.com/download/,Downloaded 2026-09-30,dataset_imported_not_independently_clinically_reviewed,,,,CC BY-NC-SA 4.0; noncommercial use only
DDINTER-DDInter1497-DDInter1675,DDI,Simvastatin|Potassium chloride,UNSPECIFIED,DDInter lists this pair at risk level Unknown.,,,DDInter downloadable interaction dataset,https://ddinter.scbdd.com/download/,Downloaded 2026-09-30,dataset_imported_not_independently_clinically_reviewed,,,,CC BY-NC-SA 4.0; noncommercial use only
DDINTER-DDInter1497-DDInter1707,DDI,Spironolactone|Potassium chloride,MAJOR,DDInter lists this pair at risk level Major.,,,DDInter downloadable interaction dataset,https://ddinter.scbdd.com/download/,Downloaded 2026-09-30,dataset_imported_not_independently_clinically_reviewed,,,,CC BY-NC-SA 4.0; noncommercial use only
DDINTER-DDInter1497-DDInter1841,DDI,Tramadol|Potassium chloride,UNSPECIFIED,DDInter lists this pair at risk level Unknown.,,,DDInter downloadable interaction dataset,https://ddinter.scbdd.com/download/,Downloaded 2026-09-30,dataset_imported_not_independently_clinically_reviewed,,,,CC BY-NC-SA 4.0; noncommercial use only
DDINTER-DDInter1497-DDInter1951,DDI,Warfarin|Potassium chloride,UNSPECIFIED,DDInter lists this pair at risk level Unknown.,,,DDInter downloadable interaction dataset,https://ddinter.scbdd.com/download/,Downloaded 2026-09-30,dataset_imported_not_independently_clinically_reviewed,,,,CC BY-NC-SA 4.0; noncommercial use only
DDINTER-DDInter1497-DDInter20,DDI,Potassium chloride|Acetylsalicylic acid,UNSPECIFIED,DDInter lists this pair at risk level Unknown.,,,DDInter downloadable interaction dataset,https://ddinter.scbdd.com/download/,Downloaded 2026-09-30,dataset_imported_not_independently_clinically_reviewed,,,,CC BY-NC-SA 4.0; noncommercial use only
DDINTER-DDInter1497-DDInter293,DDI,Carbamazepine|Potassium chloride,UNSPECIFIED,DDInter lists this pair at risk level Unknown.,,,DDInter downloadable interaction dataset,https://ddinter.scbdd.com/download/,Downloaded 2026-09-30,dataset_imported_not_independently_clinically_reviewed,,,,CC BY-NC-SA 4.0; noncommercial use only
DDINTER-DDInter1497-DDInter384,DDI,Ciprofloxacin|Potassium chloride,UNSPECIFIED,DDInter lists this pair at risk level Unknown.,,,DDInter downloadable interaction dataset,https://ddinter.scbdd.com/download/,Downloaded 2026-09-30,dataset_imported_not_independently_clinically_reviewed,,,,CC BY-NC-SA 4.0; noncommercial use only
DDINTER-DDInter1497-DDInter393,DDI,Potassium chloride|Clarithromycin,UNSPECIFIED,DDInter lists this pair at risk level Unknown.,,,DDInter downloadable interaction dataset,https://ddinter.scbdd.com/download/,Downloaded 2026-09-30,dataset_imported_not_independently_clinically_reviewed,,,,CC BY-NC-SA 4.0; noncommercial use only
DDINTER-DDInter1497-DDInter413,DDI,Clopidogrel|Potassium chloride,UNSPECIFIED,DDInter lists this pair at risk level Unknown.,,,DDInter downloadable interaction dataset,https://ddinter.scbdd.com/download/,Downloaded 2026-09-30,dataset_imported_not_independently_clinically_reviewed,,,,CC BY-NC-SA 4.0; noncommercial use only
DDINTER-DDInter1497-DDInter534,DDI,Potassium chloride|Diazepam,UNSPECIFIED,DDInter lists this pair at risk level Unknown.,,,DDInter downloadable interaction dataset,https://ddinter.scbdd.com/download/,Downloaded 2026-09-30,dataset_imported_not_independently_clinically_reviewed,,,,CC BY-NC-SA 4.0; noncommercial use only
DDINTER-DDInter1497-DDInter554,DDI,Digoxin|Potassium chloride,UNSPECIFIED,DDInter lists this pair at risk level Unknown.,,,DDInter downloadable interaction dataset,https://ddinter.scbdd.com/download/,Downloaded 2026-09-30,dataset_imported_not_independently_clinically_reviewed,,,,CC BY-NC-SA 4.0; noncommercial use only
DDINTER-DDInter1497-DDInter598,DDI,Doxycycline|Potassium chloride,UNSPECIFIED,DDInter lists this pair at risk level Unknown.,,,DDInter downloadable interaction dataset,https://ddinter.scbdd.com/download/,Downloaded 2026-09-30,dataset_imported_not_independently_clinically_reviewed,,,,CC BY-NC-SA 4.0; noncommercial use only
DDINTER-DDInter1497-DDInter743,DDI,Fluconazole|Potassium chloride,UNSPECIFIED,DDInter lists this pair at risk level Unknown.,,,DDInter downloadable interaction dataset,https://ddinter.scbdd.com/download/,Downloaded 2026-09-30,dataset_imported_not_independently_clinically_reviewed,,,,CC BY-NC-SA 4.0; noncommercial use only
DDINTER-DDInter1497-DDInter790,DDI,Furosemide|Potassium chloride,UNSPECIFIED,DDInter lists this pair at risk level Unknown.,,,DDInter downloadable interaction dataset,https://ddinter.scbdd.com/download/,Downloaded 2026-09-30,dataset_imported_not_independently_clinically_reviewed,,,,CC BY-NC-SA 4.0; noncommercial use only
DDINTER-DDInter1497-DDInter83,DDI,Potassium chloride|Amoxicillin,UNSPECIFIED,DDInter lists this pair at risk level Unknown.,,,DDInter downloadable interaction dataset,https://ddinter.scbdd.com/download/,Downloaded 2026-09-30,dataset_imported_not_independently_clinically_reviewed,,,,CC BY-NC-SA 4.0; noncommercial use only
DDINTER-DDInter1497-DDInter900,DDI,Potassium chloride|Ibuprofen,MODERATE,DDInter lists this pair at risk level Moderate.,,,DDInter downloadable interaction dataset,https://ddinter.scbdd.com/download/,Downloaded 2026-09-30,dataset_imported_not_independently_clinically_reviewed,,,,CC BY-NC-SA 4.0; noncommercial use only
DDINTER-DDInter1513-DDInter157,DDI,Azithromycin|Prednisolone,UNSPECIFIED,DDInter lists this pair at risk level Unknown.,,,DDInter downloadable interaction dataset,https://ddinter.scbdd.com/download/,Downloaded 2026-09-30,dataset_imported_not_independently_clinically_reviewed,,,,CC BY-NC-SA 4.0; noncommercial use only
DDINTER-DDInter1513-DDInter1662,DDI,Prednisolone|Sertraline,UNSPECIFIED,DDInter lists this pair at risk level Unknown.,,,DDInter downloadable interaction dataset,https://ddinter.scbdd.com/download/,Downloaded 2026-09-30,dataset_imported_not_independently_clinically_reviewed,,,,CC BY-NC-SA 4.0; noncommercial use only
DDINTER-DDInter1513-DDInter1675,DDI,Simvastatin|Prednisolone,UNSPECIFIED,DDInter lists this pair at risk level Unknown.,,,DDInter downloadable interaction dataset,https://ddinter.scbdd.com/download/,Downloaded 2026-09-30,dataset_imported_not_independently_clinically_reviewed,,,,CC BY-NC-SA 4.0; noncommercial use only
DDINTER-DDInter1513-DDInter1707,DDI,Spironolactone|Prednisolone,MODERATE,DDInter lists this pair at risk level Moderate.,,,DDInter downloadable interaction dataset,https://ddinter.scbdd.com/download/,Downloaded 2026-09-30,dataset_imported_not_independently_clinically_reviewed,,,,CC BY-NC-SA 4.0; noncommercial use only
DDINTER-DDInter1513-DDInter1841,DDI,Tramadol|Prednisolone,UNSPECIFIED,DDInter lists this pair at risk level Unknown.,,,DDInter downloadable interaction dataset,https://ddinter.scbdd.com/download/,Downloaded 2026-09-30,dataset_imported_not_independently_clinically_reviewed,,,,CC BY-NC-SA 4.0; noncommercial use only
DDINTER-DDInter1513-DDInter1951,DDI,Warfarin|Prednisolone,MODERATE,DDInter lists this pair at risk level Moderate.,,,DDInter downloadable interaction dataset,https://ddinter.scbdd.com/download/,Downloaded 2026-09-30,dataset_imported_not_independently_clinically_reviewed,,,,CC BY-NC-SA 4.0; noncommercial use only
DDINTER-DDInter1513-DDInter20,DDI,Prednisolone|Acetylsalicylic acid,MODERATE,DDInter lists this pair at risk level Moderate.,,,DDInter downloadable interaction dataset,https://ddinter.scbdd.com/download/,Downloaded 2026-09-30,dataset_imported_not_independently_clinically_reviewed,,,,CC BY-NC-SA 4.0; noncommercial use only
DDINTER-DDInter1513-DDInter293,DDI,Carbamazepine|Prednisolone,MODERATE,DDInter lists this pair at risk level Moderate.,,,DDInter downloadable interaction dataset,https://ddinter.scbdd.com/download/,Downloaded 2026-09-30,dataset_imported_not_independently_clinically_reviewed,,,,CC BY-NC-SA 4.0; noncommercial use only
DDINTER-DDInter1513-DDInter384,DDI,Ciprofloxacin|Prednisolone,MAJOR,DDInter lists this pair at risk level Major.,,,DDInter downloadable interaction dataset,https://ddinter.scbdd.com/download/,Downloaded 2026-09-30,dataset_imported_not_independently_clinically_reviewed,,,,CC BY-NC-SA 4.0; noncommercial use only
DDINTER-DDInter1513-DDInter393,DDI,Prednisolone|Clarithromycin,MODERATE,DDInter lists this pair at risk level Moderate.,,,DDInter downloadable interaction dataset,https://ddinter.scbdd.com/download/,Downloaded 2026-09-30,dataset_imported_not_independently_clinically_reviewed,,,,CC BY-NC-SA 4.0; noncommercial use only
DDINTER-DDInter1513-DDInter413,DDI,Clopidogrel|Prednisolone,UNSPECIFIED,DDInter lists this pair at risk level Unknown.,,,DDInter downloadable interaction dataset,https://ddinter.scbdd.com/download/,Downloaded 2026-09-30,dataset_imported_not_independently_clinically_reviewed,,,,CC BY-NC-SA 4.0; noncommercial use only
DDINTER-DDInter1513-DDInter534,DDI,Diazepam|Prednisolone,MINOR,DDInter lists this pair at risk level Minor.,,,DDInter downloadable interaction dataset,https://ddinter.scbdd.com/download/,Downloaded 2026-09-30,dataset_imported_not_independently_clinically_reviewed,,,,CC BY-NC-SA 4.0; noncommercial use only
DDINTER-DDInter1513-DDInter554,DDI,Digoxin|Prednisolone,MODERATE,DDInter lists this pair at risk level Moderate.,,,DDInter downloadable interaction dataset,https://ddinter.scbdd.com/download/,Downloaded 2026-09-30,dataset_imported_not_independently_clinically_reviewed,,,,CC BY-NC-SA 4.0; noncommercial use only
DDINTER-DDInter1513-DDInter598,DDI,Doxycycline|Prednisolone,UNSPECIFIED,DDInter lists this pair at risk level Unknown.,,,DDInter downloadable interaction dataset,https://ddinter.scbdd.com/download/,Downloaded 2026-09-30,dataset_imported_not_independently_clinically_reviewed,,,,CC BY-NC-SA 4.0; noncommercial use only
DDINTER-DDInter1513-DDInter743,DDI,Fluconazole|Prednisolone,MODERATE,DDInter lists this pair at risk level Moderate.,,,DDInter downloadable interaction dataset,https://ddinter.scbdd.com/download/,Downloaded 2026-09-30,dataset_imported_not_independently_clinically_reviewed,,,,CC BY-NC-SA 4.0; noncommercial use only
DDINTER-DDInter1513-DDInter790,DDI,Furosemide|Prednisolone,MODERATE,DDInter lists this pair at risk level Moderate.,,,DDInter downloadable interaction dataset,https://ddinter.scbdd.com/download/,Downloaded 2026-09-30,dataset_imported_not_independently_clinically_reviewed,,,,CC BY-NC-SA 4.0; noncommercial use only
DDINTER-DDInter1513-DDInter83,DDI,Prednisolone|Amoxicillin,UNSPECIFIED,DDInter lists this pair at risk level Unknown.,,,DDInter downloadable interaction dataset,https://ddinter.scbdd.com/download/,Downloaded 2026-09-30,dataset_imported_not_independently_clinically_reviewed,,,,CC BY-NC-SA 4.0; noncommercial use only
DDINTER-DDInter1513-DDInter900,DDI,Prednisolone|Ibuprofen,MODERATE,DDInter lists this pair at risk level Moderate.,,,DDInter downloadable interaction dataset,https://ddinter.scbdd.com/download/,Downloaded 2026-09-30,dataset_imported_not_independently_clinically_reviewed,,,,CC BY-NC-SA 4.0; noncommercial use only
DDINTER-DDInter157-DDInter1675,DDI,Azithromycin|Simvastatin,MODERATE,DDInter lists this pair at risk level Moderate.,,,DDInter downloadable interaction dataset,https://ddinter.scbdd.com/download/,Downloaded 2026-09-30,dataset_imported_not_independently_clinically_reviewed,,,,CC BY-NC-SA 4.0; noncommercial use only
DDINTER-DDInter157-DDInter1951,DDI,Azithromycin|Warfarin,MODERATE,DDInter lists this pair at risk level Moderate.,,,DDInter downloadable interaction dataset,https://ddinter.scbdd.com/download/,Downloaded 2026-09-30,dataset_imported_not_independently_clinically_reviewed,,,,CC BY-NC-SA 4.0; noncommercial use only
DDINTER-DDInter157-DDInter20,DDI,Azithromycin|Acetylsalicylic acid,UNSPECIFIED,DDInter lists this pair at risk level Unknown.,,,DDInter downloadable interaction dataset,https://ddinter.scbdd.com/download/,Downloaded 2026-09-30,dataset_imported_not_independently_clinically_reviewed,,,,CC BY-NC-SA 4.0; noncommercial use only
DDINTER-DDInter157-DDInter393,DDI,Azithromycin|Clarithromycin,MODERATE,DDInter lists this pair at risk level Moderate.,,,DDInter downloadable interaction dataset,https://ddinter.scbdd.com/download/,Downloaded 2026-09-30,dataset_imported_not_independently_clinically_reviewed,,,,CC BY-NC-SA 4.0; noncommercial use only
DDINTER-DDInter157-DDInter413,DDI,Azithromycin|Clopidogrel,UNSPECIFIED,DDInter lists this pair at risk level Unknown.,,,DDInter downloadable interaction dataset,https://ddinter.scbdd.com/download/,Downloaded 2026-09-30,dataset_imported_not_independently_clinically_reviewed,,,,CC BY-NC-SA 4.0; noncommercial use only
DDINTER-DDInter157-DDInter598,DDI,Azithromycin|Doxycycline,UNSPECIFIED,DDInter lists this pair at risk level Unknown.,,,DDInter downloadable interaction dataset,https://ddinter.scbdd.com/download/,Downloaded 2026-09-30,dataset_imported_not_independently_clinically_reviewed,,,,CC BY-NC-SA 4.0; noncommercial use only
DDINTER-DDInter157-DDInter743,DDI,Fluconazole|Azithromycin,MODERATE,DDInter lists this pair at risk level Moderate.,,,DDInter downloadable interaction dataset,https://ddinter.scbdd.com/download/,Downloaded 2026-09-30,dataset_imported_not_independently_clinically_reviewed,,,,CC BY-NC-SA 4.0; noncommercial use only
DDINTER-DDInter157-DDInter83,DDI,Azithromycin|Amoxicillin,MINOR,DDInter lists this pair at risk level Minor.,,,DDInter downloadable interaction dataset,https://ddinter.scbdd.com/download/,Downloaded 2026-09-30,dataset_imported_not_independently_clinically_reviewed,,,,CC BY-NC-SA 4.0; noncommercial use only
DDINTER-DDInter157-DDInter900,DDI,Azithromycin|Ibuprofen,UNSPECIFIED,DDInter lists this pair at risk level Unknown.,,,DDInter downloadable interaction dataset,https://ddinter.scbdd.com/download/,Downloaded 2026-09-30,dataset_imported_not_independently_clinically_reviewed,,,,CC BY-NC-SA 4.0; noncommercial use only
DDINTER-DDInter1662-DDInter1675,DDI,Simvastatin|Sertraline,UNSPECIFIED,DDInter lists this pair at risk level Unknown.,,,DDInter downloadable interaction dataset,https://ddinter.scbdd.com/download/,Downloaded 2026-09-30,dataset_imported_not_independently_clinically_reviewed,,,,CC BY-NC-SA 4.0; noncommercial use only
DDINTER-DDInter1662-DDInter1951,DDI,Warfarin|Sertraline,MODERATE,DDInter lists this pair at risk level Moderate.,,,DDInter downloadable interaction dataset,https://ddinter.scbdd.com/download/,Downloaded 2026-09-30,dataset_imported_not_independently_clinically_reviewed,,,,CC BY-NC-SA 4.0; noncommercial use only
DDINTER-DDInter1662-DDInter20,DDI,Acetylsalicylic acid|Sertraline,MODERATE,DDInter lists this pair at risk level Moderate.,,,DDInter downloadable interaction dataset,https://ddinter.scbdd.com/download/,Downloaded 2026-09-30,dataset_imported_not_independently_clinically_reviewed,,,,CC BY-NC-SA 4.0; noncommercial use only
DDINTER-DDInter1662-DDInter393,DDI,Sertraline|Clarithromycin,MODERATE,DDInter lists this pair at risk level Moderate.,,,DDInter downloadable interaction dataset,https://ddinter.scbdd.com/download/,Downloaded 2026-09-30,dataset_imported_not_independently_clinically_reviewed,,,,CC BY-NC-SA 4.0; noncommercial use only
DDINTER-DDInter1662-DDInter413,DDI,Clopidogrel|Sertraline,MODERATE,DDInter lists this pair at risk level Moderate.,,,DDInter downloadable interaction dataset,https://ddinter.scbdd.com/download/,Downloaded 2026-09-30,dataset_imported_not_independently_clinically_reviewed,,,,CC BY-NC-SA 4.0; noncommercial use only
DDINTER-DDInter1662-DDInter429,DDI,Codeine|Sertraline,MODERATE,DDInter lists this pair at risk level Moderate.,,,DDInter downloadable interaction dataset,https://ddinter.scbdd.com/download/,Downloaded 2026-09-30,dataset_imported_not_independently_clinically_reviewed,,,,CC BY-NC-SA 4.0; noncommercial use only
DDINTER-DDInter1662-DDInter598,DDI,Doxycycline|Sertraline,UNSPECIFIED,DDInter lists this pair at risk level Unknown.,,,DDInter downloadable interaction dataset,https://ddinter.scbdd.com/download/,Downloaded 2026-09-30,dataset_imported_not_independently_clinically_reviewed,,,,CC BY-NC-SA 4.0; noncommercial use only
DDINTER-DDInter1662-DDInter743,DDI,Fluconazole|Sertraline,MODERATE,DDInter lists this pair at risk level Moderate.,,,DDInter downloadable interaction dataset,https://ddinter.scbdd.com/download/,Downloaded 2026-09-30,dataset_imported_not_independently_clinically_reviewed,,,,CC BY-NC-SA 4.0; noncommercial use only
DDINTER-DDInter1662-DDInter83,DDI,Amoxicillin|Sertraline,UNSPECIFIED,DDInter lists this pair at risk level Unknown.,,,DDInter downloadable interaction dataset,https://ddinter.scbdd.com/download/,Downloaded 2026-09-30,dataset_imported_not_independently_clinically_reviewed,,,,CC BY-NC-SA 4.0; noncommercial use only
DDINTER-DDInter1662-DDInter900,DDI,Ibuprofen|Sertraline,MODERATE,DDInter lists this pair at risk level Moderate.,,,DDInter downloadable interaction dataset,https://ddinter.scbdd.com/download/,Downloaded 2026-09-30,dataset_imported_not_independently_clinically_reviewed,,,,CC BY-NC-SA 4.0; noncommercial use only
DDINTER-DDInter1675-DDInter1707,DDI,Spironolactone|Simvastatin,UNSPECIFIED,DDInter lists this pair at risk level Unknown.,,,DDInter downloadable interaction dataset,https://ddinter.scbdd.com/download/,Downloaded 2026-09-30,dataset_imported_not_independently_clinically_reviewed,,,,CC BY-NC-SA 4.0; noncommercial use only
DDINTER-DDInter1675-DDInter1841,DDI,Tramadol|Simvastatin,UNSPECIFIED,DDInter lists this pair at risk level Unknown.,,,DDInter downloadable interaction dataset,https://ddinter.scbdd.com/download/,Downloaded 2026-09-30,dataset_imported_not_independently_clinically_reviewed,,,,CC BY-NC-SA 4.0; noncommercial use only
DDINTER-DDInter1675-DDInter1951,DDI,Simvastatin|Warfarin,MINOR,DDInter lists this pair at risk level Minor.,,,DDInter downloadable interaction dataset,https://ddinter.scbdd.com/download/,Downloaded 2026-09-30,dataset_imported_not_independently_clinically_reviewed,,,,CC BY-NC-SA 4.0; noncommercial use only
DDINTER-DDInter1675-DDInter20,DDI,Simvastatin|Acetylsalicylic acid,UNSPECIFIED,DDInter lists this pair at risk level Unknown.,,,DDInter downloadable interaction dataset,https://ddinter.scbdd.com/download/,Downloaded 2026-09-30,dataset_imported_not_independently_clinically_reviewed,,,,CC BY-NC-SA 4.0; noncommercial use only
DDINTER-DDInter1675-DDInter293,DDI,Carbamazepine|Simvastatin,MODERATE,DDInter lists this pair at risk level Moderate.,,,DDInter downloadable interaction dataset,https://ddinter.scbdd.com/download/,Downloaded 2026-09-30,dataset_imported_not_independently_clinically_reviewed,,,,CC BY-NC-SA 4.0; noncommercial use only
DDINTER-DDInter1675-DDInter384,DDI,Ciprofloxacin|Simvastatin,MODERATE,DDInter lists this pair at risk level Moderate.,,,DDInter downloadable interaction dataset,https://ddinter.scbdd.com/download/,Downloaded 2026-09-30,dataset_imported_not_independently_clinically_reviewed,,,,CC BY-NC-SA 4.0; noncommercial use only
DDINTER-DDInter1675-DDInter393,DDI,Simvastatin|Clarithromycin,MAJOR,DDInter lists this pair at risk level Major.,,,DDInter downloadable interaction dataset,https://ddinter.scbdd.com/download/,Downloaded 2026-09-30,dataset_imported_not_independently_clinically_reviewed,,,,CC BY-NC-SA 4.0; noncommercial use only
DDINTER-DDInter1675-DDInter413,DDI,Simvastatin|Clopidogrel,UNSPECIFIED,DDInter lists this pair at risk level Unknown.,,,DDInter downloadable interaction dataset,https://ddinter.scbdd.com/download/,Downloaded 2026-09-30,dataset_imported_not_independently_clinically_reviewed,,,,CC BY-NC-SA 4.0; noncommercial use only
DDINTER-DDInter1675-DDInter534,DDI,Simvastatin|Diazepam,UNSPECIFIED,DDInter lists this pair at risk level Unknown.,,,DDInter downloadable interaction dataset,https://ddinter.scbdd.com/download/,Downloaded 2026-09-30,dataset_imported_not_independently_clinically_reviewed,,,,CC BY-NC-SA 4.0; noncommercial use only
DDINTER-DDInter1675-DDInter554,DDI,Digoxin|Simvastatin,UNSPECIFIED,DDInter lists this pair at risk level Unknown.,,,DDInter downloadable interaction dataset,https://ddinter.scbdd.com/download/,Downloaded 2026-09-30,dataset_imported_not_independently_clinically_reviewed,,,,CC BY-NC-SA 4.0; noncommercial use only
DDINTER-DDInter1675-DDInter598,DDI,Doxycycline|Simvastatin,UNSPECIFIED,DDInter lists this pair at risk level Unknown.,,,DDInter downloadable interaction dataset,https://ddinter.scbdd.com/download/,Downloaded 2026-09-30,dataset_imported_not_independently_clinically_reviewed,,,,CC BY-NC-SA 4.0; noncommercial use only
DDINTER-DDInter1675-DDInter743,DDI,Fluconazole|Simvastatin,MAJOR,DDInter lists this pair at risk level Major.,,,DDInter downloadable interaction dataset,https://ddinter.scbdd.com/download/,Downloaded 2026-09-30,dataset_imported_not_independently_clinically_reviewed,,,,CC BY-NC-SA 4.0; noncommercial use only
DDINTER-DDInter1675-DDInter790,DDI,Simvastatin|Furosemide,UNSPECIFIED,DDInter lists this pair at risk level Unknown.,,,DDInter downloadable interaction dataset,https://ddinter.scbdd.com/download/,Downloaded 2026-09-30,dataset_imported_not_independently_clinically_reviewed,,,,CC BY-NC-SA 4.0; noncommercial use only
DDINTER-DDInter1675-DDInter83,DDI,Simvastatin|Amoxicillin,UNSPECIFIED,DDInter lists this pair at risk level Unknown.,,,DDInter downloadable interaction dataset,https://ddinter.scbdd.com/download/,Downloaded 2026-09-30,dataset_imported_not_independently_clinically_reviewed,,,,CC BY-NC-SA 4.0; noncommercial use only
DDINTER-DDInter1675-DDInter900,DDI,Simvastatin|Ibuprofen,UNSPECIFIED,DDInter lists this pair at risk level Unknown.,,,DDInter downloadable interaction dataset,https://ddinter.scbdd.com/download/,Downloaded 2026-09-30,dataset_imported_not_independently_clinically_reviewed,,,,CC BY-NC-SA 4.0; noncommercial use only
DDINTER-DDInter1707-DDInter1951,DDI,Spironolactone|Warfarin,MINOR,DDInter lists this pair at risk level Minor.,,,DDInter downloadable interaction dataset,https://ddinter.scbdd.com/download/,Downloaded 2026-09-30,dataset_imported_not_independently_clinically_reviewed,,,,CC BY-NC-SA 4.0; noncommercial use only
DDINTER-DDInter1707-DDInter20,DDI,Spironolactone|Acetylsalicylic acid,MINOR,DDInter lists this pair at risk level Minor.,,,DDInter downloadable interaction dataset,https://ddinter.scbdd.com/download/,Downloaded 2026-09-30,dataset_imported_not_independently_clinically_reviewed,,,,CC BY-NC-SA 4.0; noncommercial use only
DDINTER-DDInter1707-DDInter393,DDI,Spironolactone|Clarithromycin,UNSPECIFIED,DDInter lists this pair at risk level Unknown.,,,DDInter downloadable interaction dataset,https://ddinter.scbdd.com/download/,Downloaded 2026-09-30,dataset_imported_not_independently_clinically_reviewed,,,,CC BY-NC-SA 4.0; noncommercial use only
DDINTER-DDInter1707-DDInter413,DDI,Spironolactone|Clopidogrel,UNSPECIFIED,DDInter lists this pair at risk level Unknown.,,,DDInter downloadable interaction dataset,https://ddinter.scbdd.com/download/,Downloaded 2026-09-30,dataset_imported_not_independently_clinically_reviewed,,,,CC BY-NC-SA 4.0; noncommercial use only
DDINTER-DDInter1707-DDInter429,DDI,Codeine|Spironolactone,MODERATE,DDInter lists this pair at risk level Moderate.,,,DDInter downloadable interaction dataset,https://ddinter.scbdd.com/download/,Downloaded 2026-09-30,dataset_imported_not_independently_clinically_reviewed,,,,CC BY-NC-SA 4.0; noncommercial use only
DDINTER-DDInter1707-DDInter598,DDI,Doxycycline|Spironolactone,MINOR,DDInter lists this pair at risk level Minor.,,,DDInter downloadable interaction dataset,https://ddinter.scbdd.com/download/,Downloaded 2026-09-30,dataset_imported_not_independently_clinically_reviewed,,,,CC BY-NC-SA 4.0; noncommercial use only
DDINTER-DDInter1707-DDInter743,DDI,Fluconazole|Spironolactone,UNSPECIFIED,DDInter lists this pair at risk level Unknown.,,,DDInter downloadable interaction dataset,https://ddinter.scbdd.com/download/,Downloaded 2026-09-30,dataset_imported_not_independently_clinically_reviewed,,,,CC BY-NC-SA 4.0; noncommercial use only
DDINTER-DDInter1707-DDInter83,DDI,Spironolactone|Amoxicillin,UNSPECIFIED,DDInter lists this pair at risk level Unknown.,,,DDInter downloadable interaction dataset,https://ddinter.scbdd.com/download/,Downloaded 2026-09-30,dataset_imported_not_independently_clinically_reviewed,,,,CC BY-NC-SA 4.0; noncommercial use only
DDINTER-DDInter1707-DDInter900,DDI,Spironolactone|Ibuprofen,MODERATE,DDInter lists this pair at risk level Moderate.,,,DDInter downloadable interaction dataset,https://ddinter.scbdd.com/download/,Downloaded 2026-09-30,dataset_imported_not_independently_clinically_reviewed,,,,CC BY-NC-SA 4.0; noncommercial use only
DDINTER-DDInter1841-DDInter1951,DDI,Tramadol|Warfarin,MODERATE,DDInter lists this pair at risk level Moderate.,,,DDInter downloadable interaction dataset,https://ddinter.scbdd.com/download/,Downloaded 2026-09-30,dataset_imported_not_independently_clinically_reviewed,,,,CC BY-NC-SA 4.0; noncommercial use only
DDINTER-DDInter1841-DDInter20,DDI,Tramadol|Acetylsalicylic acid,UNSPECIFIED,DDInter lists this pair at risk level Unknown.,,,DDInter downloadable interaction dataset,https://ddinter.scbdd.com/download/,Downloaded 2026-09-30,dataset_imported_not_independently_clinically_reviewed,,,,CC BY-NC-SA 4.0; noncommercial use only
DDINTER-DDInter1841-DDInter393,DDI,Tramadol|Clarithromycin,MODERATE,DDInter lists this pair at risk level Moderate.,,,DDInter downloadable interaction dataset,https://ddinter.scbdd.com/download/,Downloaded 2026-09-30,dataset_imported_not_independently_clinically_reviewed,,,,CC BY-NC-SA 4.0; noncommercial use only
DDINTER-DDInter1841-DDInter413,DDI,Tramadol|Clopidogrel,MODERATE,DDInter lists this pair at risk level Moderate.,,,DDInter downloadable interaction dataset,https://ddinter.scbdd.com/download/,Downloaded 2026-09-30,dataset_imported_not_independently_clinically_reviewed,,,,CC BY-NC-SA 4.0; noncommercial use only
DDINTER-DDInter1841-DDInter429,DDI,Tramadol|Codeine,MAJOR,DDInter lists this pair at risk level Major.,,,DDInter downloadable interaction dataset,https://ddinter.scbdd.com/download/,Downloaded 2026-09-30,dataset_imported_not_independently_clinically_reviewed,,,,CC BY-NC-SA 4.0; noncommercial use only
DDINTER-DDInter1841-DDInter598,DDI,Tramadol|Doxycycline,UNSPECIFIED,DDInter lists this pair at risk level Unknown.,,,DDInter downloadable interaction dataset,https://ddinter.scbdd.com/download/,Downloaded 2026-09-30,dataset_imported_not_independently_clinically_reviewed,,,,CC BY-NC-SA 4.0; noncommercial use only
DDINTER-DDInter1841-DDInter743,DDI,Tramadol|Fluconazole,MODERATE,DDInter lists this pair at risk level Moderate.,,,DDInter downloadable interaction dataset,https://ddinter.scbdd.com/download/,Downloaded 2026-09-30,dataset_imported_not_independently_clinically_reviewed,,,,CC BY-NC-SA 4.0; noncommercial use only
DDINTER-DDInter1841-DDInter83,DDI,Tramadol|Amoxicillin,UNSPECIFIED,DDInter lists this pair at risk level Unknown.,,,DDInter downloadable interaction dataset,https://ddinter.scbdd.com/download/,Downloaded 2026-09-30,dataset_imported_not_independently_clinically_reviewed,,,,CC BY-NC-SA 4.0; noncommercial use only
DDINTER-DDInter1841-DDInter900,DDI,Tramadol|Ibuprofen,UNSPECIFIED,DDInter lists this pair at risk level Unknown.,,,DDInter downloadable interaction dataset,https://ddinter.scbdd.com/download/,Downloaded 2026-09-30,dataset_imported_not_independently_clinically_reviewed,,,,CC BY-NC-SA 4.0; noncommercial use only
DDINTER-DDInter189-DDInter1951,DDI,Warfarin|Benzylpenicillin,MODERATE,DDInter lists this pair at risk level Moderate.,,,DDInter downloadable interaction dataset,https://ddinter.scbdd.com/download/,Downloaded 2026-09-30,dataset_imported_not_independently_clinically_reviewed,,,,CC BY-NC-SA 4.0; noncommercial use only
DDINTER-DDInter189-DDInter393,DDI,Benzylpenicillin|Clarithromycin,MINOR,DDInter lists this pair at risk level Minor.,,,DDInter downloadable interaction dataset,https://ddinter.scbdd.com/download/,Downloaded 2026-09-30,dataset_imported_not_independently_clinically_reviewed,,,,CC BY-NC-SA 4.0; noncommercial use only
DDINTER-DDInter189-DDInter598,DDI,Doxycycline|Benzylpenicillin,MODERATE,DDInter lists this pair at risk level Moderate.,,,DDInter downloadable interaction dataset,https://ddinter.scbdd.com/download/,Downloaded 2026-09-30,dataset_imported_not_independently_clinically_reviewed,,,,CC BY-NC-SA 4.0; noncommercial use only
DDINTER-DDInter1951-DDInter20,DDI,Warfarin|Acetylsalicylic acid,MAJOR,DDInter lists this pair at risk level Major.,,,DDInter downloadable interaction dataset,https://ddinter.scbdd.com/download/,Downloaded 2026-09-30,dataset_imported_not_independently_clinically_reviewed,,,,CC BY-NC-SA 4.0; noncommercial use only
DDINTER-DDInter1951-DDInter293,DDI,Carbamazepine|Warfarin,MODERATE,DDInter lists this pair at risk level Moderate.,,,DDInter downloadable interaction dataset,https://ddinter.scbdd.com/download/,Downloaded 2026-09-30,dataset_imported_not_independently_clinically_reviewed,,,,CC BY-NC-SA 4.0; noncommercial use only
DDINTER-DDInter1951-DDInter384,DDI,Ciprofloxacin|Warfarin,MAJOR,DDInter lists this pair at risk level Major.,,,DDInter downloadable interaction dataset,https://ddinter.scbdd.com/download/,Downloaded 2026-09-30,dataset_imported_not_independently_clinically_reviewed,,,,CC BY-NC-SA 4.0; noncommercial use only
DDINTER-DDInter1951-DDInter393,DDI,Warfarin|Clarithromycin,MAJOR,DDInter lists this pair at risk level Major.,,,DDInter downloadable interaction dataset,https://ddinter.scbdd.com/download/,Downloaded 2026-09-30,dataset_imported_not_independently_clinically_reviewed,,,,CC BY-NC-SA 4.0; noncommercial use only
DDINTER-DDInter1951-DDInter413,DDI,Warfarin|Clopidogrel,MAJOR,DDInter lists this pair at risk level Major.,,,DDInter downloadable interaction dataset,https://ddinter.scbdd.com/download/,Downloaded 2026-09-30,dataset_imported_not_independently_clinically_reviewed,,,,CC BY-NC-SA 4.0; noncommercial use only
DDINTER-DDInter1951-DDInter534,DDI,Warfarin|Diazepam,UNSPECIFIED,DDInter lists this pair at risk level Unknown.,,,DDInter downloadable interaction dataset,https://ddinter.scbdd.com/download/,Downloaded 2026-09-30,dataset_imported_not_independently_clinically_reviewed,,,,CC BY-NC-SA 4.0; noncommercial use only
DDINTER-DDInter1951-DDInter554,DDI,Digoxin|Warfarin,UNSPECIFIED,DDInter lists this pair at risk level Unknown.,,,DDInter downloadable interaction dataset,https://ddinter.scbdd.com/download/,Downloaded 2026-09-30,dataset_imported_not_independently_clinically_reviewed,,,,CC BY-NC-SA 4.0; noncommercial use only
DDINTER-DDInter1951-DDInter598,DDI,Doxycycline|Warfarin,MODERATE,DDInter lists this pair at risk level Moderate.,,,DDInter downloadable interaction dataset,https://ddinter.scbdd.com/download/,Downloaded 2026-09-30,dataset_imported_not_independently_clinically_reviewed,,,,CC BY-NC-SA 4.0; noncommercial use only
DDINTER-DDInter1951-DDInter743,DDI,Fluconazole|Warfarin,MAJOR,DDInter lists this pair at risk level Major.,,,DDInter downloadable interaction dataset,https://ddinter.scbdd.com/download/,Downloaded 2026-09-30,dataset_imported_not_independently_clinically_reviewed,,,,CC BY-NC-SA 4.0; noncommercial use only
DDINTER-DDInter1951-DDInter790,DDI,Warfarin|Furosemide,UNSPECIFIED,DDInter lists this pair at risk level Unknown.,,,DDInter downloadable interaction dataset,https://ddinter.scbdd.com/download/,Downloaded 2026-09-30,dataset_imported_not_independently_clinically_reviewed,,,,CC BY-NC-SA 4.0; noncommercial use only
DDINTER-DDInter1951-DDInter83,DDI,Warfarin|Amoxicillin,MODERATE,DDInter lists this pair at risk level Moderate.,,,DDInter downloadable interaction dataset,https://ddinter.scbdd.com/download/,Downloaded 2026-09-30,dataset_imported_not_independently_clinically_reviewed,,,,CC BY-NC-SA 4.0; noncommercial use only
DDINTER-DDInter1951-DDInter900,DDI,Warfarin|Ibuprofen,MAJOR,DDInter lists this pair at risk level Major.,,,DDInter downloadable interaction dataset,https://ddinter.scbdd.com/download/,Downloaded 2026-09-30,dataset_imported_not_independently_clinically_reviewed,,,,CC BY-NC-SA 4.0; noncommercial use only
DDINTER-DDInter20-DDInter293,DDI,Carbamazepine|Acetylsalicylic acid,UNSPECIFIED,DDInter lists this pair at risk level Unknown.,,,DDInter downloadable interaction dataset,https://ddinter.scbdd.com/download/,Downloaded 2026-09-30,dataset_imported_not_independently_clinically_reviewed,,,,CC BY-NC-SA 4.0; noncommercial use only
DDINTER-DDInter20-DDInter384,DDI,Ciprofloxacin|Acetylsalicylic acid,MODERATE,DDInter lists this pair at risk level Moderate.,,,DDInter downloadable interaction dataset,https://ddinter.scbdd.com/download/,Downloaded 2026-09-30,dataset_imported_not_independently_clinically_reviewed,,,,CC BY-NC-SA 4.0; noncommercial use only
DDINTER-DDInter20-DDInter393,DDI,Acetylsalicylic acid|Clarithromycin,UNSPECIFIED,DDInter lists this pair at risk level Unknown.,,,DDInter downloadable interaction dataset,https://ddinter.scbdd.com/download/,Downloaded 2026-09-30,dataset_imported_not_independently_clinically_reviewed,,,,CC BY-NC-SA 4.0; noncommercial use only
DDINTER-DDInter20-DDInter413,DDI,Clopidogrel|Acetylsalicylic acid,MODERATE,DDInter lists this pair at risk level Moderate.,,,DDInter downloadable interaction dataset,https://ddinter.scbdd.com/download/,Downloaded 2026-09-30,dataset_imported_not_independently_clinically_reviewed,,,,CC BY-NC-SA 4.0; noncommercial use only
DDINTER-DDInter20-DDInter534,DDI,Diazepam|Acetylsalicylic acid,UNSPECIFIED,DDInter lists this pair at risk level Unknown.,,,DDInter downloadable interaction dataset,https://ddinter.scbdd.com/download/,Downloaded 2026-09-30,dataset_imported_not_independently_clinically_reviewed,,,,CC BY-NC-SA 4.0; noncommercial use only
DDINTER-DDInter20-DDInter554,DDI,Digoxin|Acetylsalicylic acid,MODERATE,DDInter lists this pair at risk level Moderate.,,,DDInter downloadable interaction dataset,https://ddinter.scbdd.com/download/,Downloaded 2026-09-30,dataset_imported_not_independently_clinically_reviewed,,,,CC BY-NC-SA 4.0; noncommercial use only
DDINTER-DDInter20-DDInter598,DDI,Doxycycline|Acetylsalicylic acid,UNSPECIFIED,DDInter lists this pair at risk level Unknown.,,,DDInter downloadable interaction dataset,https://ddinter.scbdd.com/download/,Downloaded 2026-09-30,dataset_imported_not_independently_clinically_reviewed,,,,CC BY-NC-SA 4.0; noncommercial use only
DDINTER-DDInter20-DDInter743,DDI,Fluconazole|Acetylsalicylic acid,UNSPECIFIED,DDInter lists this pair at risk level Unknown.,,,DDInter downloadable interaction dataset,https://ddinter.scbdd.com/download/,Downloaded 2026-09-30,dataset_imported_not_independently_clinically_reviewed,,,,CC BY-NC-SA 4.0; noncommercial use only
DDINTER-DDInter20-DDInter790,DDI,Furosemide|Acetylsalicylic acid,MINOR,DDInter lists this pair at risk level Minor.,,,DDInter downloadable interaction dataset,https://ddinter.scbdd.com/download/,Downloaded 2026-09-30,dataset_imported_not_independently_clinically_reviewed,,,,CC BY-NC-SA 4.0; noncommercial use only
DDINTER-DDInter20-DDInter83,DDI,Acetylsalicylic acid|Amoxicillin,UNSPECIFIED,DDInter lists this pair at risk level Unknown.,,,DDInter downloadable interaction dataset,https://ddinter.scbdd.com/download/,Downloaded 2026-09-30,dataset_imported_not_independently_clinically_reviewed,,,,CC BY-NC-SA 4.0; noncommercial use only
DDINTER-DDInter20-DDInter900,DDI,Acetylsalicylic acid|Ibuprofen,MAJOR,DDInter lists this pair at risk level Major.,,,DDInter downloadable interaction dataset,https://ddinter.scbdd.com/download/,Downloaded 2026-09-30,dataset_imported_not_independently_clinically_reviewed,,,,CC BY-NC-SA 4.0; noncommercial use only
DDINTER-DDInter293-DDInter393,DDI,Carbamazepine|Clarithromycin,MAJOR,DDInter lists this pair at risk level Major.,,,DDInter downloadable interaction dataset,https://ddinter.scbdd.com/download/,Downloaded 2026-09-30,dataset_imported_not_independently_clinically_reviewed,,,,CC BY-NC-SA 4.0; noncommercial use only
DDINTER-DDInter293-DDInter413,DDI,Carbamazepine|Clopidogrel,UNSPECIFIED,DDInter lists this pair at risk level Unknown.,,,DDInter downloadable interaction dataset,https://ddinter.scbdd.com/download/,Downloaded 2026-09-30,dataset_imported_not_independently_clinically_reviewed,,,,CC BY-NC-SA 4.0; noncommercial use only
DDINTER-DDInter293-DDInter429,DDI,Codeine|Carbamazepine,MODERATE,DDInter lists this pair at risk level Moderate.,,,DDInter downloadable interaction dataset,https://ddinter.scbdd.com/download/,Downloaded 2026-09-30,dataset_imported_not_independently_clinically_reviewed,,,,CC BY-NC-SA 4.0; noncommercial use only
DDINTER-DDInter293-DDInter598,DDI,Doxycycline|Carbamazepine,MODERATE,DDInter lists this pair at risk level Moderate.,,,DDInter downloadable interaction dataset,https://ddinter.scbdd.com/download/,Downloaded 2026-09-30,dataset_imported_not_independently_clinically_reviewed,,,,CC BY-NC-SA 4.0; noncommercial use only
DDINTER-DDInter293-DDInter743,DDI,Fluconazole|Carbamazepine,MODERATE,DDInter lists this pair at risk level Moderate.,,,DDInter downloadable interaction dataset,https://ddinter.scbdd.com/download/,Downloaded 2026-09-30,dataset_imported_not_independently_clinically_reviewed,,,,CC BY-NC-SA 4.0; noncommercial use only
DDINTER-DDInter293-DDInter83,DDI,Carbamazepine|Amoxicillin,UNSPECIFIED,DDInter lists this pair at risk level Unknown.,,,DDInter downloadable interaction dataset,https://ddinter.scbdd.com/download/,Downloaded 2026-09-30,dataset_imported_not_independently_clinically_reviewed,,,,CC BY-NC-SA 4.0; noncommercial use only
DDINTER-DDInter293-DDInter900,DDI,Carbamazepine|Ibuprofen,UNSPECIFIED,DDInter lists this pair at risk level Unknown.,,,DDInter downloadable interaction dataset,https://ddinter.scbdd.com/download/,Downloaded 2026-09-30,dataset_imported_not_independently_clinically_reviewed,,,,CC BY-NC-SA 4.0; noncommercial use only
DDINTER-DDInter384-DDInter393,DDI,Ciprofloxacin|Clarithromycin,MODERATE,DDInter lists this pair at risk level Moderate.,,,DDInter downloadable interaction dataset,https://ddinter.scbdd.com/download/,Downloaded 2026-09-30,dataset_imported_not_independently_clinically_reviewed,,,,CC BY-NC-SA 4.0; noncommercial use only
DDINTER-DDInter384-DDInter413,DDI,Ciprofloxacin|Clopidogrel,UNSPECIFIED,DDInter lists this pair at risk level Unknown.,,,DDInter downloadable interaction dataset,https://ddinter.scbdd.com/download/,Downloaded 2026-09-30,dataset_imported_not_independently_clinically_reviewed,,,,CC BY-NC-SA 4.0; noncommercial use only
DDINTER-DDInter384-DDInter598,DDI,Doxycycline|Ciprofloxacin,UNSPECIFIED,DDInter lists this pair at risk level Unknown.,,,DDInter downloadable interaction dataset,https://ddinter.scbdd.com/download/,Downloaded 2026-09-30,dataset_imported_not_independently_clinically_reviewed,,,,CC BY-NC-SA 4.0; noncommercial use only
DDINTER-DDInter384-DDInter743,DDI,Fluconazole|Ciprofloxacin,MODERATE,DDInter lists this pair at risk level Moderate.,,,DDInter downloadable interaction dataset,https://ddinter.scbdd.com/download/,Downloaded 2026-09-30,dataset_imported_not_independently_clinically_reviewed,,,,CC BY-NC-SA 4.0; noncommercial use only
DDINTER-DDInter384-DDInter83,DDI,Ciprofloxacin|Amoxicillin,UNSPECIFIED,DDInter lists this pair at risk level Unknown.,,,DDInter downloadable interaction dataset,https://ddinter.scbdd.com/download/,Downloaded 2026-09-30,dataset_imported_not_independently_clinically_reviewed,,,,CC BY-NC-SA 4.0; noncommercial use only
DDINTER-DDInter384-DDInter900,DDI,Ciprofloxacin|Ibuprofen,MODERATE,DDInter lists this pair at risk level Moderate.,,,DDInter downloadable interaction dataset,https://ddinter.scbdd.com/download/,Downloaded 2026-09-30,dataset_imported_not_independently_clinically_reviewed,,,,CC BY-NC-SA 4.0; noncommercial use only
DDINTER-DDInter393-DDInter413,DDI,Clopidogrel|Clarithromycin,MODERATE,DDInter lists this pair at risk level Moderate.,,,DDInter downloadable interaction dataset,https://ddinter.scbdd.com/download/,Downloaded 2026-09-30,dataset_imported_not_independently_clinically_reviewed,,,,CC BY-NC-SA 4.0; noncommercial use only
DDINTER-DDInter393-DDInter534,DDI,Diazepam|Clarithromycin,MODERATE,DDInter lists this pair at risk level Moderate.,,,DDInter downloadable interaction dataset,https://ddinter.scbdd.com/download/,Downloaded 2026-09-30,dataset_imported_not_independently_clinically_reviewed,,,,CC BY-NC-SA 4.0; noncommercial use only
DDINTER-DDInter393-DDInter554,DDI,Digoxin|Clarithromycin,MAJOR,DDInter lists this pair at risk level Major.,,,DDInter downloadable interaction dataset,https://ddinter.scbdd.com/download/,Downloaded 2026-09-30,dataset_imported_not_independently_clinically_reviewed,,,,CC BY-NC-SA 4.0; noncommercial use only
DDINTER-DDInter393-DDInter598,DDI,Doxycycline|Clarithromycin,UNSPECIFIED,DDInter lists this pair at risk level Unknown.,,,DDInter downloadable interaction dataset,https://ddinter.scbdd.com/download/,Downloaded 2026-09-30,dataset_imported_not_independently_clinically_reviewed,,,,CC BY-NC-SA 4.0; noncommercial use only
DDINTER-DDInter393-DDInter743,DDI,Fluconazole|Clarithromycin,MINOR,DDInter lists this pair at risk level Minor.,,,DDInter downloadable interaction dataset,https://ddinter.scbdd.com/download/,Downloaded 2026-09-30,dataset_imported_not_independently_clinically_reviewed,,,,CC BY-NC-SA 4.0; noncommercial use only
DDINTER-DDInter393-DDInter790,DDI,Furosemide|Clarithromycin,UNSPECIFIED,DDInter lists this pair at risk level Unknown.,,,DDInter downloadable interaction dataset,https://ddinter.scbdd.com/download/,Downloaded 2026-09-30,dataset_imported_not_independently_clinically_reviewed,,,,CC BY-NC-SA 4.0; noncommercial use only
DDINTER-DDInter393-DDInter83,DDI,Amoxicillin|Clarithromycin,MINOR,DDInter lists this pair at risk level Minor.,,,DDInter downloadable interaction dataset,https://ddinter.scbdd.com/download/,Downloaded 2026-09-30,dataset_imported_not_independently_clinically_reviewed,,,,CC BY-NC-SA 4.0; noncommercial use only
DDINTER-DDInter393-DDInter900,DDI,Ibuprofen|Clarithromycin,UNSPECIFIED,DDInter lists this pair at risk level Unknown.,,,DDInter downloadable interaction dataset,https://ddinter.scbdd.com/download/,Downloaded 2026-09-30,dataset_imported_not_independently_clinically_reviewed,,,,CC BY-NC-SA 4.0; noncommercial use only
DDINTER-DDInter413-DDInter429,DDI,Codeine|Clopidogrel,MODERATE,DDInter lists this pair at risk level Moderate.,,,DDInter downloadable interaction dataset,https://ddinter.scbdd.com/download/,Downloaded 2026-09-30,dataset_imported_not_independently_clinically_reviewed,,,,CC BY-NC-SA 4.0; noncommercial use only
DDINTER-DDInter413-DDInter534,DDI,Clopidogrel|Diazepam,UNSPECIFIED,DDInter lists this pair at risk level Unknown.,,,DDInter downloadable interaction dataset,https://ddinter.scbdd.com/download/,Downloaded 2026-09-30,dataset_imported_not_independently_clinically_reviewed,,,,CC BY-NC-SA 4.0; noncommercial use only
DDINTER-DDInter413-DDInter554,DDI,Digoxin|Clopidogrel,UNSPECIFIED,DDInter lists this pair at risk level Unknown.,,,DDInter downloadable interaction dataset,https://ddinter.scbdd.com/download/,Downloaded 2026-09-30,dataset_imported_not_independently_clinically_reviewed,,,,CC BY-NC-SA 4.0; noncommercial use only
DDINTER-DDInter413-DDInter598,DDI,Doxycycline|Clopidogrel,UNSPECIFIED,DDInter lists this pair at risk level Unknown.,,,DDInter downloadable interaction dataset,https://ddinter.scbdd.com/download/,Downloaded 2026-09-30,dataset_imported_not_independently_clinically_reviewed,,,,CC BY-NC-SA 4.0; noncommercial use only
DDINTER-DDInter413-DDInter743,DDI,Fluconazole|Clopidogrel,MAJOR,DDInter lists this pair at risk level Major.,,,DDInter downloadable interaction dataset,https://ddinter.scbdd.com/download/,Downloaded 2026-09-30,dataset_imported_not_independently_clinically_reviewed,,,,CC BY-NC-SA 4.0; noncommercial use only
DDINTER-DDInter413-DDInter790,DDI,Furosemide|Clopidogrel,UNSPECIFIED,DDInter lists this pair at risk level Unknown.,,,DDInter downloadable interaction dataset,https://ddinter.scbdd.com/download/,Downloaded 2026-09-30,dataset_imported_not_independently_clinically_reviewed,,,,CC BY-NC-SA 4.0; noncommercial use only
DDINTER-DDInter413-DDInter83,DDI,Clopidogrel|Amoxicillin,UNSPECIFIED,DDInter lists this pair at risk level Unknown.,,,DDInter downloadable interaction dataset,https://ddinter.scbdd.com/download/,Downloaded 2026-09-30,dataset_imported_not_independently_clinically_reviewed,,,,CC BY-NC-SA 4.0; noncommercial use only
DDINTER-DDInter413-DDInter900,DDI,Clopidogrel|Ibuprofen,MODERATE,DDInter lists this pair at risk level Moderate.,,,DDInter downloadable interaction dataset,https://ddinter.scbdd.com/download/,Downloaded 2026-09-30,dataset_imported_not_independently_clinically_reviewed,,,,CC BY-NC-SA 4.0; noncommercial use only
DDINTER-DDInter429-DDInter534,DDI,Codeine|Diazepam,MAJOR,DDInter lists this pair at risk level Major.,,,DDInter downloadable interaction dataset,https://ddinter.scbdd.com/download/,Downloaded 2026-09-30,dataset_imported_not_independently_clinically_reviewed,,,,CC BY-NC-SA 4.0; noncommercial use only
DDINTER-DDInter429-DDInter790,DDI,Codeine|Furosemide,MODERATE,DDInter lists this pair at risk level Moderate.,,,DDInter downloadable interaction dataset,https://ddinter.scbdd.com/download/,Downloaded 2026-09-30,dataset_imported_not_independently_clinically_reviewed,,,,CC BY-NC-SA 4.0; noncommercial use only
DDINTER-DDInter534-DDInter598,DDI,Doxycycline|Diazepam,UNSPECIFIED,DDInter lists this pair at risk level Unknown.,,,DDInter downloadable interaction dataset,https://ddinter.scbdd.com/download/,Downloaded 2026-09-30,dataset_imported_not_independently_clinically_reviewed,,,,CC BY-NC-SA 4.0; noncommercial use only
DDINTER-DDInter534-DDInter743,DDI,Fluconazole|Diazepam,MODERATE,DDInter lists this pair at risk level Moderate.,,,DDInter downloadable interaction dataset,https://ddinter.scbdd.com/download/,Downloaded 2026-09-30,dataset_imported_not_independently_clinically_reviewed,,,,CC BY-NC-SA 4.0; noncommercial use only
DDINTER-DDInter534-DDInter83,DDI,Diazepam|Amoxicillin,UNSPECIFIED,DDInter lists this pair at risk level Unknown.,,,DDInter downloadable interaction dataset,https://ddinter.scbdd.com/download/,Downloaded 2026-09-30,dataset_imported_not_independently_clinically_reviewed,,,,CC BY-NC-SA 4.0; noncommercial use only
DDINTER-DDInter534-DDInter900,DDI,Diazepam|Ibuprofen,UNSPECIFIED,DDInter lists this pair at risk level Unknown.,,,DDInter downloadable interaction dataset,https://ddinter.scbdd.com/download/,Downloaded 2026-09-30,dataset_imported_not_independently_clinically_reviewed,,,,CC BY-NC-SA 4.0; noncommercial use only
DDINTER-DDInter554-DDInter598,DDI,Doxycycline|Digoxin,MODERATE,DDInter lists this pair at risk level Moderate.,,,DDInter downloadable interaction dataset,https://ddinter.scbdd.com/download/,Downloaded 2026-09-30,dataset_imported_not_independently_clinically_reviewed,,,,CC BY-NC-SA 4.0; noncommercial use only
DDINTER-DDInter554-DDInter743,DDI,Fluconazole|Digoxin,UNSPECIFIED,DDInter lists this pair at risk level Unknown.,,,DDInter downloadable interaction dataset,https://ddinter.scbdd.com/download/,Downloaded 2026-09-30,dataset_imported_not_independently_clinically_reviewed,,,,CC BY-NC-SA 4.0; noncommercial use only
DDINTER-DDInter554-DDInter83,DDI,Digoxin|Amoxicillin,UNSPECIFIED,DDInter lists this pair at risk level Unknown.,,,DDInter downloadable interaction dataset,https://ddinter.scbdd.com/download/,Downloaded 2026-09-30,dataset_imported_not_independently_clinically_reviewed,,,,CC BY-NC-SA 4.0; noncommercial use only
DDINTER-DDInter554-DDInter900,DDI,Digoxin|Ibuprofen,MODERATE,DDInter lists this pair at risk level Moderate.,,,DDInter downloadable interaction dataset,https://ddinter.scbdd.com/download/,Downloaded 2026-09-30,dataset_imported_not_independently_clinically_reviewed,,,,CC BY-NC-SA 4.0; noncommercial use only
DDINTER-DDInter598-DDInter743,DDI,Fluconazole|Doxycycline,UNSPECIFIED,DDInter lists this pair at risk level Unknown.,,,DDInter downloadable interaction dataset,https://ddinter.scbdd.com/download/,Downloaded 2026-09-30,dataset_imported_not_independently_clinically_reviewed,,,,CC BY-NC-SA 4.0; noncommercial use only
DDINTER-DDInter598-DDInter790,DDI,Doxycycline|Furosemide,MINOR,DDInter lists this pair at risk level Minor.,,,DDInter downloadable interaction dataset,https://ddinter.scbdd.com/download/,Downloaded 2026-09-30,dataset_imported_not_independently_clinically_reviewed,,,,CC BY-NC-SA 4.0; noncommercial use only
DDINTER-DDInter598-DDInter83,DDI,Doxycycline|Amoxicillin,MODERATE,DDInter lists this pair at risk level Moderate.,,,DDInter downloadable interaction dataset,https://ddinter.scbdd.com/download/,Downloaded 2026-09-30,dataset_imported_not_independently_clinically_reviewed,,,,CC BY-NC-SA 4.0; noncommercial use only
DDINTER-DDInter598-DDInter900,DDI,Doxycycline|Ibuprofen,UNSPECIFIED,DDInter lists this pair at risk level Unknown.,,,DDInter downloadable interaction dataset,https://ddinter.scbdd.com/download/,Downloaded 2026-09-30,dataset_imported_not_independently_clinically_reviewed,,,,CC BY-NC-SA 4.0; noncommercial use only
DDINTER-DDInter743-DDInter790,DDI,Fluconazole|Furosemide,UNSPECIFIED,DDInter lists this pair at risk level Unknown.,,,DDInter downloadable interaction dataset,https://ddinter.scbdd.com/download/,Downloaded 2026-09-30,dataset_imported_not_independently_clinically_reviewed,,,,CC BY-NC-SA 4.0; noncommercial use only
DDINTER-DDInter743-DDInter83,DDI,Fluconazole|Amoxicillin,UNSPECIFIED,DDInter lists this pair at risk level Unknown.,,,DDInter downloadable interaction dataset,https://ddinter.scbdd.com/download/,Downloaded 2026-09-30,dataset_imported_not_independently_clinically_reviewed,,,,CC BY-NC-SA 4.0; noncommercial use only
DDINTER-DDInter743-DDInter900,DDI,Fluconazole|Ibuprofen,UNSPECIFIED,DDInter lists this pair at risk level Unknown.,,,DDInter downloadable interaction dataset,https://ddinter.scbdd.com/download/,Downloaded 2026-09-30,dataset_imported_not_independently_clinically_reviewed,,,,CC BY-NC-SA 4.0; noncommercial use only
DDINTER-DDInter790-DDInter83,DDI,Furosemide|Amoxicillin,UNSPECIFIED,DDInter lists this pair at risk level Unknown.,,,DDInter downloadable interaction dataset,https://ddinter.scbdd.com/download/,Downloaded 2026-09-30,dataset_imported_not_independently_clinically_reviewed,,,,CC BY-NC-SA 4.0; noncommercial use only
DDINTER-DDInter790-DDInter900,DDI,Furosemide|Ibuprofen,MODERATE,DDInter lists this pair at risk level Moderate.,,,DDInter downloadable interaction dataset,https://ddinter.scbdd.com/download/,Downloaded 2026-09-30,dataset_imported_not_independently_clinically_reviewed,,,,CC BY-NC-SA 4.0; noncommercial use only
DDINTER-DDInter83-DDInter900,DDI,Ibuprofen|Amoxicillin,UNSPECIFIED,DDInter lists this pair at risk level Unknown.,,,DDInter downloadable interaction dataset,https://ddinter.scbdd.com/download/,Downloaded 2026-09-30,dataset_imported_not_independently_clinically_reviewed,,,,CC BY-NC-SA 4.0; noncommercial use only
